departamento,municipio,vivienda_ajust_idx,vivienda_ajust_raw,vivienda_ajust_fuente,salud_ajust_idx,salud_ajust_raw,salud_ajust_fuente,educacion_ajust_idx,educacion_ajust_raw,educacion_ajust_fuente,instituciones_ajust_idx,instituciones_ajust_raw,instituciones_ajust_fuente,economico_ajust_idx,economico_ajust_raw,economico_ajust_fuente,vulnerabilidad_ajust_idx,vulnerabilidad_ajust_raw,vulnerabilidad_ajust_fuente,compuesto_ajustado,n_dimensiones
Risaralda,Pereira,100.0,39108,PNUD,100.0,34,PNUD,77.1,165,PNUD,,,,,,,,,,92.4,3
Valle del Cauca,Cali,,,,29.4,10.0,3iS-Sheets,100.0,214.0,3iS-Sheets,,,,,,,,,,64.7,2
Valle del Cauca,Santiago de Cali,0.0,0,PNUD,29.4,10,PNUD,100.0,214,PNUD,,,,,,,,,,43.1,3
Chocó,Quibdó,30.4,11881,PNUD,79.4,27,PNUD,52.8,113,PNUD,1.6,11.0,3iS-Sheets,,,,,,,41.0,4
Quindío,Quimbaya,8.5,3342,PNUD,2.9,1,PNUD,13.1,28,PNUD,100.0,639.0,3iS-Sheets,,,,,,,31.1,4
Quindío,Armenia,41.2,16130,PNUD,14.7,5,PNUD,22.4,48,PNUD,30.3,194.0,3iS-Sheets,,,,,,,27.2,4
Valle del Cauca,Roldanillo,11.4,4461,PNUD,8.8,3,PNUD,10.3,22,PNUD,67.9,434.0,3iS-Sheets,,,,,,,24.6,4
Valle del Cauca,Sevilla,5.3,2084,PNUD,5.9,2,PNUD,4.7,10,PNUD,63.2,404.0,3iS-Sheets,,,,,,,19.8,4
Caldas,Manizales,29.4,11500,PNUD,29.4,10,PNUD,15.4,33,PNUD,4.5,30.0,3iS-Sheets,,,,,,,19.7,4
Valle del Cauca,Trujillo,5.0,1950,PNUD,47.1,16,PNUD,14.0,30,PNUD,11.0,71.0,3iS-Sheets,,,,,,,19.3,4
Valle del Cauca,Palmira,1.0,402,PNUD,5.9,2,PNUD,60.7,130,PNUD,3.4,23.0,3iS-Sheets,,,,,,,17.8,4
Valle del Cauca,Buenaventura,25.9,10148,PNUD,14.7,5,PNUD,16.4,35,PNUD,12.1,78.0,3iS-Sheets,,,,,,,17.3,4
Risaralda,Dosquebradas,43.0,16823,PNUD,0.0,0,PNUD,25.2,54,PNUD,0.2,2.0,3iS-Sheets,,,,,,,17.1,4
Quindío,Montenegro,9.3,3620,PNUD,8.8,3,PNUD,12.1,26,PNUD,32.0,205.0,3iS-Sheets,,,,,,,15.6,4
Valle del Cauca,Tuluá,10.2,3977,PNUD,0.0,0,PNUD,37.4,80,PNUD,11.8,76.0,3iS-Sheets,,,,,,,14.8,4
Valle del Cauca,Jamundí,5.1,1983,PNUD,2.9,1,PNUD,35.0,75,PNUD,10.0,65.0,3iS-Sheets,,,,,,,13.3,4
Valle del Cauca,La Unión,6.2,2411,PNUD,2.9,1,PNUD,6.1,13,PNUD,36.5,234.0,3iS-Sheets,,,,,,,12.9,4
Chocó,Alto Baudó,2.4,956,PNUD,11.8,4,PNUD,35.0,75,PNUD,0.5,4.0,3iS-Sheets,,,,,,,12.4,4
Valle del Cauca,Caicedonia,3.7,1460,PNUD,5.9,2,PNUD,12.1,26,PNUD,26.6,171.0,3iS-Sheets,,,,,,,12.1,4
Caldas,Riosucio,3.0,1185,PNUD,2.9,1,PNUD,38.3,82,PNUD,2.5,17.0,3iS-Sheets,,,,,,,11.7,4
Valle del Cauca,Buga,1.6,612.0,3iS-Sheets,29.4,10.0,3iS-Sheets,4.7,10.0,3iS-Sheets,8.6,56.0,3iS-Sheets,,,,,,,11.1,4
Valle del Cauca,Cartago,1.6,608,PNUD,8.8,3,PNUD,9.8,21,PNUD,23.0,148.0,3iS-Sheets,,,,,,,10.8,4
Valle del Cauca,Restrepo,4.0,1559,PNUD,5.9,2,PNUD,14.5,31,PNUD,17.4,112.0,3iS-Sheets,,,,,,,10.4,4
Chocó,Tadó,10.3,4016,PNUD,14.7,5,PNUD,5.6,12,PNUD,,,,,,,,,,10.2,3
Valle del Cauca,Bolívar,3.1,1205,PNUD,5.9,2,PNUD,2.3,5,PNUD,27.7,178.0,3iS-Sheets,,,,,,,9.8,4
Quindío,Filandia,3.3,1304,PNUD,5.9,2,PNUD,7.9,17,PNUD,20.7,133.0,3iS-Sheets,,,,,,,9.5,4
Quindío,Calarcá,10.7,4188,PNUD,8.8,3,PNUD,4.7,10,PNUD,13.2,85.0,3iS-Sheets,,,,,,,9.3,4
Risaralda,Pueblo Rico,2.5,959,PNUD,0.0,0,PNUD,22.9,49,PNUD,,,,,,,,,,8.4,3
Chocó,Atrato,1.9,741,PNUD,26.5,9,PNUD,3.7,8,PNUD,0.9,7.0,3iS-Sheets,,,,,,,8.3,4
Caldas,Pensilvania,0.5,193,PNUD,8.8,3,PNUD,22.4,48,PNUD,0.6,5.0,3iS-Sheets,,,,,,,8.1,4
Valle del Cauca,El Dovio,2.4,957,PNUD,2.9,1,PNUD,5.6,12,PNUD,21.3,137.0,3iS-Sheets,,,,,,,8.1,4
Valle del Cauca,Alcalá,2.9,1128,PNUD,0.0,0,PNUD,11.7,25,PNUD,17.1,110.0,3iS-Sheets,,,,,,,7.9,4
Cauca,Caldono,1.7,662,PNUD,2.9,1,PNUD,18.7,40,PNUD,,,,,,,,,,7.8,3
Valle del Cauca,La Cumbre,3.4,1314,PNUD,11.8,4,PNUD,10.7,23,PNUD,4.5,30.0,3iS-Sheets,,,,,,,7.6,4
Caldas,Anserma,2.7,1053,PNUD,2.9,1,PNUD,13.1,28,PNUD,11.3,73.0,3iS-Sheets,,,,,,,7.5,4
Valle del Cauca,Anserma Nuevo,3.6,1407.0,3iS-Sheets,2.9,1.0,3iS-Sheets,15.9,34.0,3iS-Sheets,7.5,49.0,3iS-Sheets,,,,,,,7.5,4
Valle del Cauca,Yotoco,2.3,904,PNUD,8.8,3,PNUD,10.7,23,PNUD,7.7,50.0,3iS-Sheets,,,,,,,7.4,4
Valle del Cauca,Calima (Darién),3.3,1292.0,3iS-Sheets,2.9,1.0,3iS-Sheets,9.3,20.0,3iS-Sheets,13.3,86.0,3iS-Sheets,,,,,,,7.2,4
Antioquia,Girardota,0.1,37,PNUD,2.9,1,PNUD,18.2,39,PNUD,,,,,,,,,,7.1,3
Quindío,La Tebaida,2.7,1051,PNUD,2.9,1,PNUD,6.5,14,PNUD,16.3,105.0,3iS-Sheets,,,,,,,7.1,4
Chocó,Litoral de San Juan,2.3,904.0,3iS-Sheets,11.8,4.0,3iS-Sheets,,,,,,,,,,,,,7.0,2
Quindío,Salento,1.2,486,PNUD,2.9,1,PNUD,4.7,10,PNUD,19.0,122.0,3iS-Sheets,,,,,,,7.0,4
Valle del Cauca,Guadalajara de Buga,1.6,612,PNUD,14.7,5,PNUD,4.7,10,PNUD,,,,,,,,,,7.0,3
Valle del Cauca,Yumbo,1.8,704,PNUD,0.0,0,PNUD,20.6,44,PNUD,5.6,37.0,3iS-Sheets,,,,,,,7.0,4
Cauca,Silvia,1.2,481,PNUD,14.7,5,PNUD,4.7,10,PNUD,,,,,,,,,,6.9,3
Chocó,Nuevo Belén de Bajirá,0.0,11,PNUD,17.6,6,PNUD,2.8,6,PNUD,,,,,,,,,,6.8,3
Valle del Cauca,Dagua,3.1,1210,PNUD,2.9,1,PNUD,6.1,13,PNUD,15.2,98.0,3iS-Sheets,,,,,,,6.8,4
Antioquia,Andes,0.5,180,PNUD,2.9,1,PNUD,16.8,36,PNUD,,,,,,,,,,6.7,3
Valle del Cauca,Andalucía,2.1,818,PNUD,2.9,1,PNUD,9.8,21,PNUD,12.1,78.0,3iS-Sheets,,,,,,,6.7,4
Chocó,Acandí,0.4,160,PNUD,17.6,6,PNUD,0.9,2,PNUD,,,,,,,,,,6.3,3
Chocó,Medio Baudó,5.6,2181,PNUD,11.8,4,PNUD,4.2,9,PNUD,3.1,21.0,3iS-Sheets,,,,,,,6.2,4
Valle del Cauca,Zarzal,3.0,1175,PNUD,5.9,2,PNUD,5.6,12,PNUD,9.1,59.0,3iS-Sheets,,,,,,,5.9,4
Valle del Cauca,Argelia,2.8,1100,PNUD,8.8,3,PNUD,0.9,2,PNUD,10.8,70.0,3iS-Sheets,,,,,,,5.8,4
Valle del Cauca,Florida,0.4,165,PNUD,0.0,0,PNUD,20.1,43,PNUD,2.7,18.0,3iS-Sheets,,,,,,,5.8,4
Quindío,Circasia,2.2,863,PNUD,2.9,1,PNUD,3.3,7,PNUD,14.6,94.0,3iS-Sheets,,,,,,,5.7,4
Valle del Cauca,Toro,4.5,1769,PNUD,2.9,1,PNUD,4.2,9,PNUD,11.3,73.0,3iS-Sheets,,,,,,,5.7,4
Caldas,Samaná,0.4,155,PNUD,2.9,1,PNUD,17.8,38,PNUD,1.1,8.0,3iS-Sheets,,,,,,,5.5,4
Valle del Cauca,Obando,1.5,592,PNUD,11.8,4,PNUD,6.1,13,PNUD,2.5,17.0,3iS-Sheets,,,,,,,5.5,4
Risaralda,Quinchía,1.2,472,PNUD,0.0,0,PNUD,20.1,43,PNUD,0.3,3.0,3iS-Sheets,,,,,,,5.4,4
Caldas,Aránzazu,1.2,451.0,3iS-Sheets,,,,14.0,30.0,3iS-Sheets,0.2,2.0,3iS-Sheets,,,,,,,5.1,3
Chocó,Bagadó,5.1,2005,PNUD,8.8,3,PNUD,2.8,6,PNUD,3.8,25.0,3iS-Sheets,,,,,,,5.1,4
Valle del Cauca,Calima,3.0,1158,PNUD,2.9,1,PNUD,9.3,20,PNUD,,,,,,,,,,5.1,3
Cauca,Popayán,0.2,79,PNUD,11.8,4,PNUD,2.8,6,PNUD,,,,,,,,,,4.9,3
Cauca,Santander de Quilichao,0.9,366,PNUD,5.9,2,PNUD,7.9,17,PNUD,,,,,,,,,,4.9,3
Valle del Cauca,Ansermanuevo,3.1,1202,PNUD,2.9,1,PNUD,8.4,18,PNUD,,,,,,,,,,4.8,3
Chocó,El Litoral del San Juan,2.3,904,PNUD,11.8,4,PNUD,0.0,0,PNUD,,,,,,,,,,4.7,3
Chocó,Río Quito,0.9,360,PNUD,14.7,5,PNUD,2.3,5,PNUD,0.2,2.0,3iS-Sheets,,,,,,,4.5,4
Cauca,Buenos Aires,1.0,399,PNUD,2.9,1,PNUD,9.3,20,PNUD,,,,,,,,,,4.4,3
Valle del Cauca,Candelaria,0.4,143,PNUD,11.8,4,PNUD,2.3,5,PNUD,3.0,20.0,3iS-Sheets,,,,,,,4.4,4
Valle del Cauca,El Águila,2.4,923,PNUD,2.9,1,PNUD,8.4,18,PNUD,3.9,26.0,3iS-Sheets,,,,,,,4.4,4
Valle del Cauca,Versalles,2.9,1147,PNUD,2.9,1,PNUD,3.3,7,PNUD,8.0,52.0,3iS-Sheets,,,,,,,4.3,4
Risaralda,Mistrató,1.1,435,PNUD,8.8,3,PNUD,7.0,15,PNUD,0.0,1.0,3iS-Sheets,,,,,,,4.2,4
Antioquia,Rionegro,0.0,0,PNUD,2.9,1,PNUD,8.4,18,PNUD,,,,,,,,,,3.8,3
Chocó,Sipí,1.8,720,PNUD,5.9,2,PNUD,5.6,12,PNUD,2.0,14.0,3iS-Sheets,,,,,,,3.8,4
Quindío,Génova,3.6,1412,PNUD,0.0,0,PNUD,7.9,17,PNUD,3.8,25.0,3iS-Sheets,,,,,,,3.8,4
Valle del Cauca,El Cerrito,0.4,149,PNUD,5.9,2,PNUD,4.2,9,PNUD,4.5,30.0,3iS-Sheets,,,,,,,3.8,4
Valle del Cauca,La Victoria,3.0,1156,PNUD,2.9,1,PNUD,2.8,6,PNUD,6.4,42.0,3iS-Sheets,,,,,,,3.8,4
Caldas,Risaralda,0.9,341,PNUD,0.0,0,PNUD,13.6,29,PNUD,0.3,3.0,3iS-Sheets,,,,,,,3.7,4
Chocó,Medio San Juan,0.4,155,PNUD,8.8,3,PNUD,4.2,9,PNUD,1.6,11.0,3iS-Sheets,,,,,,,3.7,4
Tolima,Guamo,0.1,28,PNUD,2.9,1,PNUD,7.9,17,PNUD,,,,,,,,,,3.7,3
Valle del Cauca,El Cairo,2.8,1090,PNUD,0.0,0,PNUD,0.9,2,PNUD,11.1,72.0,3iS-Sheets,,,,,,,3.7,4
Caldas,Aguadas,1.4,550,PNUD,0.0,0,PNUD,12.1,26,PNUD,0.9,7.0,3iS-Sheets,,,,,,,3.6,4
Cauca,Inzá,0.0,7,PNUD,0.0,0,PNUD,10.7,23,PNUD,,,,,,,,,,3.6,3
Risaralda,Belén de Umbría,2.8,1085,PNUD,2.9,1,PNUD,6.5,14,PNUD,2.0,14.0,3iS-Sheets,,,,,,,3.6,4
Risaralda,Santa Rosa de Cabal,11.3,4425,PNUD,2.9,1,PNUD,0.0,0,PNUD,0.0,1.0,3iS-Sheets,,,,,,,3.6,4
Antioquia,Abejorral,0.7,270,PNUD,0.0,0,PNUD,9.8,21,PNUD,,,,,,,,,,3.5,3
Caldas,Aranzazu,1.1,414,PNUD,0.0,0,PNUD,9.3,20,PNUD,,,,,,,,,,3.5,3
Valle del Cauca,Guacarí,0.6,222,PNUD,5.9,2,PNUD,1.9,4,PNUD,5.8,38.0,3iS-Sheets,,,,,,,3.5,4
Valle del Cauca,San Pedro,0.5,200,PNUD,0.0,0,PNUD,0.5,1,PNUD,13.2,85.0,3iS-Sheets,,,,,,,3.5,4
Caldas,Salamina,0.9,358,PNUD,0.0,0,PNUD,12.1,26,PNUD,0.5,4.0,3iS-Sheets,,,,,,,3.4,4
Cauca,Jambaló,0.6,234,PNUD,5.9,2,PNUD,3.3,7,PNUD,,,,,,,,,,3.3,3
Nariño,La Cruz,0.0,15,PNUD,5.9,2,PNUD,3.7,8,PNUD,,,,,,,,,,3.2,3
Chocó,Nuquí,0.0,16,PNUD,11.8,4,PNUD,0.5,1,PNUD,0.0,1.0,3iS-Sheets,,,,,,,3.1,4
Tolima,Ortega,0.4,148,PNUD,0.0,0,PNUD,8.9,19,PNUD,,,,,,,,,,3.1,3
Antioquia,Fredonia,0.0,19,PNUD,2.9,1,PNUD,6.1,13,PNUD,,,,,,,,,,3.0,3
Antioquia,Salgar,0.0,14,PNUD,2.9,1,PNUD,6.1,13,PNUD,,,,,,,,,,3.0,3
Chocó,Nóvita,5.1,2000,PNUD,2.9,1,PNUD,2.3,5,PNUD,1.4,10.0,3iS-Sheets,,,,,,,3.0,4
Huila,Algeciras,0.1,37,PNUD,2.9,1,PNUD,6.1,13,PNUD,,,,,,,,,,3.0,3
Tolima,Fresno,0.0,13,PNUD,0.0,0,PNUD,8.9,19,PNUD,,,,,,,,,,3.0,3
Antioquia,Ciudad Bolívar,0.7,273,PNUD,0.0,0,PNUD,7.9,17,PNUD,,,,,,,,,,2.9,3
Cauca,Sotará - Paispamba,0.2,72,PNUD,2.9,1,PNUD,5.6,12,PNUD,,,,,,,,,,2.9,3
Valle del Cauca,Bugalagrande,2.6,1002,PNUD,2.9,1,PNUD,3.3,7,PNUD,,,,,,,,,,2.9,3
Cauca,Cajibío,2.0,775,PNUD,0.0,0,PNUD,6.5,14,PNUD,,,,,,,,,,2.8,3
Chocó,Istmina,2.1,840,PNUD,2.9,1,PNUD,3.3,7,PNUD,,,,,,,,,,2.8,3
Sucre,Sincelejo,0.0,16,PNUD,0.0,0,PNUD,8.4,18,PNUD,,,,,,,,,,2.8,3
Valle del Cauca,Riofrío,2.8,1080,PNUD,2.9,1,PNUD,3.3,7,PNUD,2.0,14.0,3iS-Sheets,,,,,,,2.8,4
Quindío,Buenavista,1.3,526,PNUD,0.0,0,PNUD,6.1,13,PNUD,3.4,23.0,3iS-Sheets,,,,,,,2.7,4
Caldas,Filadelfia,0.3,132,PNUD,2.9,1,PNUD,6.5,14,PNUD,0.5,4.0,3iS-Sheets,,,,,,,2.6,4
Cauca,Mercaderes,0.2,74,PNUD,2.9,1,PNUD,4.7,10,PNUD,,,,,,,,,,2.6,3
Huila,Tarqui,0.0,1,PNUD,0.0,0,PNUD,7.9,17,PNUD,,,,,,,,,,2.6,3
Risaralda,Marsella,3.1,1197,PNUD,2.9,1,PNUD,4.2,9,PNUD,0.2,2.0,3iS-Sheets,,,,,,,2.6,4
Antioquia,Betania,0.5,189,PNUD,2.9,1,PNUD,4.2,9,PNUD,,,,,,,,,,2.5,3
Antioquia,Concordia,0.1,53,PNUD,0.0,0,PNUD,7.5,16,PNUD,,,,,,,,,,2.5,3
Antioquia,Támesis,0.4,150,PNUD,2.9,1,PNUD,4.2,9,PNUD,,,,,,,,,,2.5,3
Quindío,Córdoba,1.1,415,PNUD,2.9,1,PNUD,2.3,5,PNUD,3.8,25.0,3iS-Sheets,,,,,,,2.5,4
Antioquia,El Carmen de Viboral,0.0,15,PNUD,2.9,1,PNUD,4.2,9,PNUD,,,,,,,,,,2.4,3
Cauca,Piendamó - Tunía,0.2,73,PNUD,0.0,0,PNUD,7.0,15,PNUD,,,,,,,,,,2.4,3
Risaralda,Guática,1.3,510,PNUD,2.9,1,PNUD,5.1,11,PNUD,0.2,2.0,3iS-Sheets,,,,,,,2.4,4
Antioquia,San Luis,0.1,37,PNUD,2.9,1,PNUD,3.7,8,PNUD,,,,,,,,,,2.3,3
Caquetá,Valparaíso,0.0,0,PNUD,5.9,2,PNUD,0.9,2,PNUD,,,,,,,,,,2.3,3
Chocó,Bajo Baudó,3.5,1363,PNUD,2.9,1,PNUD,0.5,1,PNUD,,,,,,,,,,2.3,3
Valle del Cauca,Ulloa,0.8,318,PNUD,2.9,1,PNUD,1.4,3,PNUD,3.9,26.0,3iS-Sheets,,,,,,,2.3,4
Antioquia,Sopetrán,0.0,5,PNUD,2.9,1,PNUD,3.7,8,PNUD,,,,,,,,,,2.2,3
Caldas,Neira,0.2,72,PNUD,2.9,1,PNUD,5.6,12,PNUD,0.2,2.0,3iS-Sheets,,,,,,,2.2,4
Caquetá,San Vicente del Caguán,0.0,18,PNUD,2.9,1,PNUD,3.7,8,PNUD,,,,,,,,,,2.2,3
Cauca,Bolívar,0.1,54,PNUD,0.0,0,PNUD,6.5,14,PNUD,,,,,,,,,,2.2,3
Cauca,Morales,0.5,183,PNUD,0.0,0,PNUD,6.1,13,PNUD,,,,,,,,,,2.2,3
Cauca,Suárez,0.5,209,PNUD,0.0,0,PNUD,6.1,13,PNUD,,,,,,,,,,2.2,3
Cauca,Toribío,0.4,160,PNUD,0.0,0,PNUD,6.1,13,PNUD,,,,,,,,,,2.2,3
Chocó,Carmen de Atrato,0.0,17.0,3iS-Sheets,2.9,1.0,3iS-Sheets,2.3,5.0,3iS-Sheets,3.3,22.0,3iS-Sheets,,,,,,,2.2,4
Valle del Cauca,Ginebra,0.1,24,PNUD,2.9,1,PNUD,3.3,7,PNUD,2.5,17.0,3iS-Sheets,,,,,,,2.2,4
Valle del Cauca,Pradera,0.2,92,PNUD,2.9,1,PNUD,2.3,5,PNUD,3.1,21.0,3iS-Sheets,,,,,,,2.2,4
Antioquia,Nariño,0.1,55,PNUD,2.9,1,PNUD,3.3,7,PNUD,,,,,,,,,,2.1,3
Antioquia,Santa Bárbara,0.2,90,PNUD,2.9,1,PNUD,3.3,7,PNUD,,,,,,,,,,2.1,3
Caldas,Marquetalia,0.0,15,PNUD,0.0,0,PNUD,8.4,18,PNUD,0.0,1.0,3iS-Sheets,,,,,,,2.1,4
Cauca,Patía,0.2,66,PNUD,2.9,1,PNUD,3.3,7,PNUD,,,,,,,,,,2.1,3
Chocó,Unión Panamericana,1.7,668,PNUD,2.9,1,PNUD,1.9,4,PNUD,1.9,13.0,3iS-Sheets,,,,,,,2.1,4
Antioquia,Jardín,0.3,136,PNUD,2.9,1,PNUD,2.8,6,PNUD,,,,,,,,,,2.0,3
Antioquia,Medellín,0.0,0,PNUD,5.9,2,PNUD,0.0,0,PNUD,,,,,,,,,,2.0,3
Bolívar,San Fernando,0.0,0,PNUD,5.9,2,PNUD,0.0,0,PNUD,,,,,,,,,,2.0,3
Caldas,Belalcázar,1.7,675,PNUD,0.0,0,PNUD,5.6,12,PNUD,0.8,6.0,3iS-Sheets,,,,,,,2.0,4
Caldas,La Merced,0.2,63,PNUD,2.9,1,PNUD,4.7,10,PNUD,0.2,2.0,3iS-Sheets,,,,,,,2.0,4
Cauca,Caloto,0.8,322,PNUD,0.0,0,PNUD,5.1,11,PNUD,,,,,,,,,,2.0,3
Huila,Colombia,0.1,53,PNUD,2.9,1,PNUD,2.8,6,PNUD,,,,,,,,,,2.0,3
Antioquia,Montebello,0.0,18,PNUD,2.9,1,PNUD,2.8,6,PNUD,,,,,,,,,,1.9,3
Caldas,Norcasia,0.1,20,PNUD,0.0,0,PNUD,7.5,16,PNUD,0.0,1.0,3iS-Sheets,,,,,,,1.9,4
Caquetá,El Paujíl,0.0,0,PNUD,2.9,1,PNUD,2.8,6,PNUD,,,,,,,,,,1.9,3
Chocó,Condoto,1.5,600,PNUD,2.9,1,PNUD,2.8,6,PNUD,0.5,4.0,3iS-Sheets,,,,,,,1.9,4
Risaralda,Santuario,1.6,632,PNUD,2.9,1,PNUD,2.3,5,PNUD,0.6,5.0,3iS-Sheets,,,,,,,1.9,4
Tolima,Ataco,0.4,152,PNUD,2.9,1,PNUD,2.3,5,PNUD,,,,,,,,,,1.9,3
Tolima,Prado,0.1,40,PNUD,2.9,1,PNUD,2.8,6,PNUD,,,,,,,,,,1.9,3
Antioquia,Argelia,0.3,124,PNUD,0.0,0,PNUD,5.1,11,PNUD,,,,,,,,,,1.8,3
Antioquia,Ituango,0.0,7,PNUD,2.9,1,PNUD,2.3,5,PNUD,,,,,,,,,,1.8,3
Antioquia,Tarso,0.1,42,PNUD,2.9,1,PNUD,2.3,5,PNUD,,,,,,,,,,1.8,3
Antioquia,Valparaíso,0.0,15,PNUD,2.9,1,PNUD,2.3,5,PNUD,,,,,,,,,,1.8,3
Caquetá,Puerto Rico,0.0,0,PNUD,2.9,1,PNUD,2.3,5,PNUD,,,,,,,,,,1.8,3
Cauca,Timbío,0.9,340,PNUD,0.0,0,PNUD,4.7,10,PNUD,,,,,,,,,,1.8,3
Chocó,El Carmen de Atrato,0.0,17,PNUD,2.9,1,PNUD,2.3,5,PNUD,,,,,,,,,,1.8,3
Cundinamarca,Fúquene,0.1,37,PNUD,2.9,1,PNUD,2.3,5,PNUD,,,,,,,,,,1.8,3
Huila,Garzón,0.0,4,PNUD,2.9,1,PNUD,2.3,5,PNUD,,,,,,,,,,1.8,3
Huila,Gigante,0.0,0,PNUD,2.9,1,PNUD,2.3,5,PNUD,,,,,,,,,,1.8,3
Huila,Tello,0.2,90,PNUD,2.9,1,PNUD,2.3,5,PNUD,,,,,,,,,,1.8,3
Risaralda,Balboa,1.9,735,PNUD,2.9,1,PNUD,2.3,5,PNUD,0.2,2.0,3iS-Sheets,,,,,,,1.8,4
Risaralda,La Virginia,1.8,705,PNUD,2.9,1,PNUD,2.3,5,PNUD,0.0,1.0,3iS-Sheets,,,,,,,1.8,4
Tolima,Villahermosa,0.0,0,PNUD,2.9,1,PNUD,2.3,5,PNUD,,,,,,,,,,1.8,3
Tolima,Villarrica,0.0,2,PNUD,2.9,1,PNUD,2.3,5,PNUD,,,,,,,,,,1.8,3
Antioquia,Santo Domingo,0.1,20,PNUD,0.0,0,PNUD,5.1,11,PNUD,,,,,,,,,,1.7,3
Caldas,Chinchiná,1.4,540,PNUD,2.9,1,PNUD,1.9,4,PNUD,0.6,5.0,3iS-Sheets,,,,,,,1.7,4
Caldas,San José,1.3,490,PNUD,2.9,1,PNUD,1.9,4,PNUD,0.6,5.0,3iS-Sheets,,,,,,,1.7,4
Caldas,Viterbo,1.0,387,PNUD,2.9,1,PNUD,2.3,5,PNUD,0.5,4.0,3iS-Sheets,,,,,,,1.7,4
Valle del Cauca,Vijes,0.6,251,PNUD,0.0,0,PNUD,0.9,2,PNUD,5.3,35.0,3iS-Sheets,,,,,,,1.7,4
Antioquia,San Pedro de Urabá,0.0,0,PNUD,2.9,1,PNUD,1.9,4,PNUD,,,,,,,,,,1.6,3
Antioquia,Santa Fé de Antioquia,0.1,38,PNUD,0.0,0,PNUD,4.7,10,PNUD,,,,,,,,,,1.6,3
Antioquia,Sonsón,0.6,220,PNUD,0.0,0,PNUD,4.2,9,PNUD,,,,,,,,,,1.6,3
Antioquia,Venecia,0.1,35,PNUD,2.9,1,PNUD,1.9,4,PNUD,,,,,,,,,,1.6,3
Antioquia,Vigía del Fuerte,0.1,31,PNUD,0.0,0,PNUD,4.7,10,PNUD,,,,,,,,,,1.6,3
Caldas,Marmato,0.2,96,PNUD,2.9,1,PNUD,2.8,6,PNUD,0.3,3.0,3iS-Sheets,,,,,,,1.6,4
Caldas,Pácora,0.4,156,PNUD,0.0,0,PNUD,5.6,12,PNUD,0.5,4.0,3iS-Sheets,,,,,,,1.6,4
Caquetá,Solita,0.0,0,PNUD,2.9,1,PNUD,1.9,4,PNUD,,,,,,,,,,1.6,3
Risaralda,Apía,2.0,798,PNUD,0.0,0,PNUD,4.2,9,PNUD,0.3,3.0,3iS-Sheets,,,,,,,1.6,4
Tolima,Armero,0.0,6,PNUD,2.9,1,PNUD,1.9,4,PNUD,,,,,,,,,,1.6,3
Antioquia,Pueblorrico,0.1,36,PNUD,2.9,1,PNUD,1.4,3,PNUD,,,,,,,,,,1.5,3
Antioquia,Puerto Nare,0.1,32,PNUD,2.9,1,PNUD,1.4,3,PNUD,,,,,,,,,,1.5,3
Caldas,Palestina,0.7,275,PNUD,0.0,0,PNUD,4.2,9,PNUD,1.3,9.0,3iS-Sheets,,,,,,,1.5,4
Caldas,Victoria,0.2,88,PNUD,2.9,1,PNUD,2.3,5,PNUD,0.5,4.0,3iS-Sheets,,,,,,,1.5,4
Chocó,Medio Atrato,0.6,250,PNUD,0.0,0,PNUD,3.7,8,PNUD,,,,,,,,,,1.5,3
Chocó,San José del Palmar,1.3,525.0,3iS-Sheets,2.9,1.0,3iS-Sheets,,,,0.3,3.0,3iS-Sheets,,,,,,,1.5,3
Huila,Baraya,0.2,74,PNUD,2.9,1,PNUD,1.4,3,PNUD,,,,,,,,,,1.5,3
Huila,Elías,0.1,22,PNUD,2.9,1,PNUD,1.4,3,PNUD,,,,,,,,,,1.5,3
Huila,Paicol,0.0,8,PNUD,2.9,1,PNUD,1.4,3,PNUD,,,,,,,,,,1.5,3
Tolima,Alpujarra,0.0,19,PNUD,2.9,1,PNUD,1.4,3,PNUD,,,,,,,,,,1.5,3
Tolima,Carmen de Apicalá,0.0,18,PNUD,2.9,1,PNUD,1.4,3,PNUD,,,,,,,,,,1.5,3
Antioquia,Cañasgordas,0.0,0,PNUD,2.9,1,PNUD,1.4,3,PNUD,,,,,,,,,,1.4,3
Antioquia,Granada,0.1,21,PNUD,0.0,0,PNUD,4.2,9,PNUD,,,,,,,,,,1.4,3
Antioquia,Peñol,0.1,35,PNUD,0.0,0,PNUD,4.2,9,PNUD,,,,,,,,,,1.4,3
Caquetá,El Doncello,0.0,0,PNUD,2.9,1,PNUD,1.4,3,PNUD,,,,,,,,,,1.4,3
Cauca,Balboa,0.4,172,PNUD,0.0,0,PNUD,3.7,8,PNUD,,,,,,,,,,1.4,3
Cauca,El Tambo,0.8,318,PNUD,0.0,0,PNUD,3.3,7,PNUD,,,,,,,,,,1.4,3
Chocó,San José del palmar,1.3,525,PNUD,2.9,1,PNUD,0.0,0,PNUD,,,,,,,,,,1.4,3
Antioquia,Alejandría,0.1,29,PNUD,0.0,0,PNUD,3.7,8,PNUD,,,,,,,,,,1.3,3
Antioquia,Angelópolis,0.0,9,PNUD,2.9,1,PNUD,0.9,2,PNUD,,,,,,,,,,1.3,3
Antioquia,Barbosa,0.1,42,PNUD,0.0,0,PNUD,3.7,8,PNUD,,,,,,,,,,1.3,3
Antioquia,Frontino,0.0,19,PNUD,0.0,0,PNUD,3.7,8,PNUD,,,,,,,,,,1.3,3
Antioquia,La Unión,0.1,55,PNUD,2.9,1,PNUD,0.9,2,PNUD,,,,,,,,,,1.3,3
Caquetá,Milán,0.0,0,PNUD,2.9,1,PNUD,0.9,2,PNUD,,,,,,,,,,1.3,3
Caquetá,Solano,0.0,0,PNUD,2.9,1,PNUD,0.9,2,PNUD,,,,,,,,,,1.3,3
Cauca,Páez,0.0,4,PNUD,2.9,1,PNUD,0.9,2,PNUD,,,,,,,,,,1.3,3
Cundinamarca,Guataquí,0.0,0,PNUD,2.9,1,PNUD,0.9,2,PNUD,,,,,,,,,,1.3,3
Huila,Rivera,0.0,0,PNUD,2.9,1,PNUD,0.9,2,PNUD,,,,,,,,,,1.3,3
Huila,Yaguará,0.1,33,PNUD,2.9,1,PNUD,0.9,2,PNUD,,,,,,,,,,1.3,3
Tolima,Alvarado,0.0,8,PNUD,0.0,0,PNUD,3.7,8,PNUD,,,,,,,,,,1.3,3
Tolima,Cunday,0.0,15,PNUD,2.9,1,PNUD,0.9,2,PNUD,,,,,,,,,,1.3,3
Tolima,Palocabildo,0.0,1,PNUD,2.9,1,PNUD,0.9,2,PNUD,,,,,,,,,,1.3,3
Antioquia,Hispania,0.3,123,PNUD,2.9,1,PNUD,0.5,1,PNUD,,,,,,,,,,1.2,3
Caldas,La dorada,0.2,83,PNUD,2.9,1,PNUD,0.5,1,PNUD,,,,,,,,,,1.2,3
Chocó,Cantón de San Pablo,0.7,262.0,3iS-Sheets,,,,1.4,3.0,3iS-Sheets,1.4,10.0,3iS-Sheets,,,,,,,1.2,3
Norte de Santander,Pamplona,0.0,2,PNUD,0.0,0,PNUD,3.7,8,PNUD,,,,,,,,,,1.2,3
Tolima,Chaparral,0.3,110,PNUD,0.0,0,PNUD,3.3,7,PNUD,,,,,,,,,,1.2,3
Antioquia,Betulia,0.3,113,PNUD,2.9,1,PNUD,0.0,0,PNUD,,,,,,,,,,1.1,3
Antioquia,Campamento,0.0,5,PNUD,0.0,0,PNUD,3.3,7,PNUD,,,,,,,,,,1.1,3
Antioquia,Copacabana,0.0,12,PNUD,2.9,1,PNUD,0.5,1,PNUD,,,,,,,,,,1.1,3
Antioquia,Ebéjico,0.1,28,PNUD,0.0,0,PNUD,3.3,7,PNUD,,,,,,,,,,1.1,3
Antioquia,San Carlos,0.1,43,PNUD,0.0,0,PNUD,3.3,7,PNUD,,,,,,,,,,1.1,3
Antioquia,Santa Rosa de Osos,0.1,38,PNUD,0.0,0,PNUD,3.3,7,PNUD,,,,,,,,,,1.1,3
Antioquia,Urrao,0.0,3,PNUD,0.0,0,PNUD,3.3,7,PNUD,,,,,,,,,,1.1,3
Antioquia,Yolombó,0.0,16,PNUD,0.0,0,PNUD,3.3,7,PNUD,,,,,,,,,,1.1,3
Caldas,La Dorada,0.3,98.0,3iS-Sheets,2.9,1.0,3iS-Sheets,0.9,2.0,3iS-Sheets,0.3,3.0,3iS-Sheets,,,,,,,1.1,4
Caquetá,Cartagena del Chairá,0.0,0,PNUD,2.9,1,PNUD,0.5,1,PNUD,,,,,,,,,,1.1,3
Cauca,Miranda,0.5,182,PNUD,0.0,0,PNUD,2.8,6,PNUD,,,,,,,,,,1.1,3
Cauca,Santa Rosa,0.0,4,PNUD,2.9,1,PNUD,0.5,1,PNUD,,,,,,,,,,1.1,3
Cundinamarca,Madrid,0.0,4,PNUD,0.0,0,PNUD,3.3,7,PNUD,,,,,,,,,,1.1,3
Cundinamarca,Sasaima,0.0,0,PNUD,2.9,1,PNUD,0.5,1,PNUD,,,,,,,,,,1.1,3
Huila,Agrado,0.0,6,PNUD,2.9,1,PNUD,0.5,1,PNUD,,,,,,,,,,1.1,3
Huila,La Plata,0.0,5,PNUD,0.0,0,PNUD,3.3,7,PNUD,,,,,,,,,,1.1,3
Huila,Palermo,0.0,13,PNUD,2.9,1,PNUD,0.5,1,PNUD,,,,,,,,,,1.1,3
Tolima,Dolores,0.1,40,PNUD,0.0,0,PNUD,3.3,7,PNUD,,,,,,,,,,1.1,3
Tolima,Falan,0.0,11,PNUD,0.0,0,PNUD,3.3,7,PNUD,,,,,,,,,,1.1,3
Tolima,Flandes,0.0,7,PNUD,0.0,0,PNUD,3.3,7,PNUD,,,,,,,,,,1.1,3
Tolima,Herveo,0.2,91,PNUD,2.9,1,PNUD,0.0,0,PNUD,,,,,,,,,,1.1,3
Tolima,Murillo,0.0,2,PNUD,0.0,0,PNUD,3.3,7,PNUD,,,,,,,,,,1.1,3
Tolima,San Sebastián de Mariquita,0.0,1,PNUD,0.0,0,PNUD,3.3,7,PNUD,,,,,,,,,,1.1,3
Antioquia,Caldas,0.0,0,PNUD,2.9,1,PNUD,0.0,0,PNUD,,,,,,,,,,1.0,3
Antioquia,Caramanta,0.2,62,PNUD,0.0,0,PNUD,2.8,6,PNUD,,,,,,,,,,1.0,3
Antioquia,Itagüí,0.7,272,PNUD,0.0,0,PNUD,2.3,5,PNUD,,,,,,,,,,1.0,3
Antioquia,La Estrella,0.0,0,PNUD,2.9,1,PNUD,0.0,0,PNUD,,,,,,,,,,1.0,3
Caldas,Marulanda,0.2,88,PNUD,0.0,0,PNUD,2.8,6,PNUD,1.1,8.0,3iS-Sheets,,,,,,,1.0,4
Caquetá,Belén de los andaquíes,0.0,0,PNUD,2.9,1,PNUD,0.0,0,PNUD,,,,,,,,,,1.0,3
Caquetá,Curillo,0.0,0,PNUD,2.9,1,PNUD,0.0,0,PNUD,,,,,,,,,,1.0,3
Caquetá,Florencia,0.0,0,PNUD,2.9,1,PNUD,0.0,0,PNUD,,,,,,,,,,1.0,3
Cauca,Guapi,0.3,111,PNUD,0.0,0,PNUD,2.8,6,PNUD,,,,,,,,,,1.0,3
Cauca,Totoró,0.1,31,PNUD,0.0,0,PNUD,2.8,6,PNUD,,,,,,,,,,1.0,3
Cundinamarca,Guachetá,0.0,0,PNUD,2.9,1,PNUD,0.0,0,PNUD,,,,,,,,,,1.0,3
Cundinamarca,Ricaurte,0.0,0,PNUD,2.9,1,PNUD,0.0,0,PNUD,,,,,,,,,,1.0,3
Huila,Aipe,0.1,24,PNUD,0.0,0,PNUD,2.8,6,PNUD,,,,,,,,,,1.0,3
Huila,Guadalupe,0.0,0,PNUD,2.9,1,PNUD,0.0,0,PNUD,,,,,,,,,,1.0,3
Huila,Neiva,0.0,1,PNUD,2.9,1,PNUD,0.0,0,PNUD,,,,,,,,,,1.0,3
Huila,Pitalito,0.0,1,PNUD,2.9,1,PNUD,0.0,0,PNUD,,,,,,,,,,1.0,3
Huila,Santa María,0.1,46,PNUD,0.0,0,PNUD,2.8,6,PNUD,,,,,,,,,,1.0,3
Huila,Tesalia,0.0,0,PNUD,2.9,1,PNUD,0.0,0,PNUD,,,,,,,,,,1.0,3
Santander,Barichara,0.0,0,PNUD,2.9,1,PNUD,0.0,0,PNUD,,,,,,,,,,1.0,3
Tolima,Ambalema,0.0,0,PNUD,2.9,1,PNUD,0.0,0,PNUD,,,,,,,,,,1.0,3
Tolima,Rovira,0.5,203,PNUD,0.0,0,PNUD,2.3,5,PNUD,,,,,,,,,,1.0,3
Caldas,Villamaría,0.7,285,PNUD,0.0,0,PNUD,2.3,5,PNUD,0.5,4.0,3iS-Sheets,,,,,,,0.9,4
Cauca,López de Micay,1.3,525,PNUD,0.0,0,PNUD,1.4,3,PNUD,,,,,,,,,,0.9,3
Quindío,Pijao,1.3,512,PNUD,0.0,0,PNUD,1.9,4,PNUD,0.5,4.0,3iS-Sheets,,,,,,,0.9,4
Tolima,Coyaima,0.0,0,PNUD,0.0,0,PNUD,2.8,6,PNUD,,,,,,,,,,0.9,3
Tolima,Lérida,0.0,2,PNUD,0.0,0,PNUD,2.8,6,PNUD,,,,,,,,,,0.9,3
Tolima,Santa Isabel,0.0,1,PNUD,0.0,0,PNUD,2.8,6,PNUD,,,,,,,,,,0.9,3
Antioquia,Amagá,0.0,1,PNUD,0.0,0,PNUD,2.3,5,PNUD,,,,,,,,,,0.8,3
Antioquia,Anzá,0.0,18,PNUD,0.0,0,PNUD,2.3,5,PNUD,,,,,,,,,,0.8,3
Antioquia,Caicedo,0.1,37,PNUD,0.0,0,PNUD,2.3,5,PNUD,,,,,,,,,,0.8,3
Antioquia,San Vicente Ferrer,0.2,65,PNUD,0.0,0,PNUD,2.3,5,PNUD,,,,,,,,,,0.8,3
Antioquia,Yondó,0.1,36,PNUD,0.0,0,PNUD,2.3,5,PNUD,,,,,,,,,,0.8,3
Caldas,Supía,0.6,222,PNUD,0.0,0,PNUD,1.9,4,PNUD,0.8,6.0,3iS-Sheets,,,,,,,0.8,4
Cauca,Corinto,0.0,0,PNUD,0.0,0,PNUD,2.3,5,PNUD,,,,,,,,,,0.8,3
Cauca,Villa Rica,0.6,223,PNUD,0.0,0,PNUD,1.9,4,PNUD,,,,,,,,,,0.8,3
Chocó,Riosucio,0.2,86,PNUD,2.9,1,PNUD,0.0,0,PNUD,0.2,2.0,3iS-Sheets,,,,,,,0.8,4
Chocó,Río Iró,0.0,4,PNUD,0.0,0,PNUD,2.3,5,PNUD,0.8,6.0,3iS-Sheets,,,,,,,0.8,4
Huila,Nátaga,0.0,3,PNUD,0.0,0,PNUD,2.3,5,PNUD,,,,,,,,,,0.8,3
Sucre,Ovejas,0.0,0,PNUD,0.0,0,PNUD,2.3,5,PNUD,,,,,,,,,,0.8,3
Tolima,Piedras,0.0,6,PNUD,0.0,0,PNUD,2.3,5,PNUD,,,,,,,,,,0.8,3
Antioquia,La Pintada,0.1,40,PNUD,0.0,0,PNUD,1.9,4,PNUD,,,,,,,,,,0.7,3
Chocó,El Cantón del San Pablo,0.7,262,PNUD,0.0,0,PNUD,1.4,3,PNUD,,,,,,,,,,0.7,3
Chocó,Lloró,0.4,140,PNUD,0.0,0,PNUD,1.9,4,PNUD,,,,,,,,,,0.7,3
Chocó,Unguía,0.2,95,PNUD,0.0,0,PNUD,1.9,4,PNUD,,,,,,,,,,0.7,3
Risaralda,La Celia,0.5,181,PNUD,0.0,0,PNUD,2.3,5,PNUD,0.2,2.0,3iS-Sheets,,,,,,,0.7,4
Antioquia,Amalfi,0.0,12,PNUD,0.0,0,PNUD,1.9,4,PNUD,,,,,,,,,,0.6,3
Antioquia,Caracolí,0.0,2,PNUD,0.0,0,PNUD,1.9,4,PNUD,,,,,,,,,,0.6,3
Antioquia,Heliconia,0.0,11,PNUD,0.0,0,PNUD,1.9,4,PNUD,,,,,,,,,,0.6,3
Antioquia,Liborina,0.0,9,PNUD,0.0,0,PNUD,1.9,4,PNUD,,,,,,,,,,0.6,3
Antioquia,Maceo,0.0,7,PNUD,0.0,0,PNUD,1.9,4,PNUD,,,,,,,,,,0.6,3
Antioquia,Puerto Triunfo,0.1,26,PNUD,0.0,0,PNUD,1.9,4,PNUD,,,,,,,,,,0.6,3
Antioquia,Uramita,0.0,5,PNUD,0.0,0,PNUD,1.9,4,PNUD,,,,,,,,,,0.6,3
Bolívar,San Pablo,0.0,4,PNUD,0.0,0,PNUD,1.9,4,PNUD,,,,,,,,,,0.6,3
Caldas,Manzanares,0.2,89,PNUD,0.0,0,PNUD,1.9,4,PNUD,0.5,4.0,3iS-Sheets,,,,,,,0.6,4
Chocó,Cértegui,0.6,238,PNUD,0.0,0,PNUD,1.4,3,PNUD,0.5,4.0,3iS-Sheets,,,,,,,0.6,4
Huila,Pital,0.0,2,PNUD,0.0,0,PNUD,1.9,4,PNUD,,,,,,,,,,0.6,3
Huila,Suaza,0.0,1,PNUD,0.0,0,PNUD,1.9,4,PNUD,,,,,,,,,,0.6,3
Huila,Teruel,0.0,18,PNUD,0.0,0,PNUD,1.9,4,PNUD,,,,,,,,,,0.6,3
Huila,Íquira,0.0,15,PNUD,0.0,0,PNUD,1.9,4,PNUD,,,,,,,,,,0.6,3
Nariño,Barbacoas,0.0,6,PNUD,0.0,0,PNUD,1.9,4,PNUD,,,,,,,,,,0.6,3
Nariño,Ricaurte,0.1,20,PNUD,0.0,0,PNUD,1.9,4,PNUD,,,,,,,,,,0.6,3
Tolima,Cajamarca,0.1,28,PNUD,0.0,0,PNUD,1.9,4,PNUD,,,,,,,,,,0.6,3
Tolima,Icononzo,0.0,2,PNUD,0.0,0,PNUD,1.9,4,PNUD,,,,,,,,,,0.6,3
Antioquia,Carepa,0.0,2,PNUD,0.0,0,PNUD,1.4,3,PNUD,,,,,,,,,,0.5,3
Antioquia,Donmatías,0.0,0,PNUD,0.0,0,PNUD,1.4,3,PNUD,,,,,,,,,,0.5,3
Antioquia,Envigado,0.9,351,PNUD,0.0,0,PNUD,0.5,1,PNUD,,,,,,,,,,0.5,3
Antioquia,Guatapé,0.0,0,PNUD,0.0,0,PNUD,1.4,3,PNUD,,,,,,,,,,0.5,3
Antioquia,Yarumal,0.0,0,PNUD,0.0,0,PNUD,1.4,3,PNUD,,,,,,,,,,0.5,3
Caquetá,Albania,0.0,0,PNUD,0.0,0,PNUD,1.4,3,PNUD,,,,,,,,,,0.5,3
Caquetá,La Montañita,0.0,0,PNUD,0.0,0,PNUD,1.4,3,PNUD,,,,,,,,,,0.5,3
Cauca,La Vega,0.0,0,PNUD,0.0,0,PNUD,1.4,3,PNUD,,,,,,,,,,0.5,3
Cauca,Rosas,0.2,65,PNUD,0.0,0,PNUD,1.4,3,PNUD,,,,,,,,,,0.5,3
Cauca,Sucre,0.0,3,PNUD,0.0,0,PNUD,1.4,3,PNUD,,,,,,,,,,0.5,3
Cauca,Timbiquí,1.1,431,PNUD,0.0,0,PNUD,0.5,1,PNUD,,,,,,,,,,0.5,3
Cundinamarca,Cabrera,0.0,0,PNUD,0.0,0,PNUD,1.4,3,PNUD,,,,,,,,,,0.5,3
Cundinamarca,Choachí,0.0,0,PNUD,0.0,0,PNUD,1.4,3,PNUD,,,,,,,,,,0.5,3
Cundinamarca,Fusagasugá,0.0,0,PNUD,0.0,0,PNUD,1.4,3,PNUD,,,,,,,,,,0.5,3
Cundinamarca,Silvania,0.0,0,PNUD,0.0,0,PNUD,1.4,3,PNUD,,,,,,,,,,0.5,3
Huila,Acevedo,0.0,1,PNUD,0.0,0,PNUD,1.4,3,PNUD,,,,,,,,,,0.5,3
Huila,Hobo,0.1,23,PNUD,0.0,0,PNUD,1.4,3,PNUD,,,,,,,,,,0.5,3
Huila,Isnos,0.0,4,PNUD,0.0,0,PNUD,1.4,3,PNUD,,,,,,,,,,0.5,3
Nariño,Cuaspud Carlosama,0.0,0,PNUD,0.0,0,PNUD,1.4,3,PNUD,,,,,,,,,,0.5,3
Nariño,Córdoba,0.0,0,PNUD,0.0,0,PNUD,1.4,3,PNUD,,,,,,,,,,0.5,3
Nariño,Francisco Pizarro,0.0,19,PNUD,0.0,0,PNUD,1.4,3,PNUD,,,,,,,,,,0.5,3
Nariño,Pupiales,0.0,0,PNUD,0.0,0,PNUD,1.4,3,PNUD,,,,,,,,,,0.5,3
Santander,Rionegro,0.0,0,PNUD,0.0,0,PNUD,1.4,3,PNUD,,,,,,,,,,0.5,3
Tolima,Coello,0.0,0,PNUD,0.0,0,PNUD,1.4,3,PNUD,,,,,,,,,,0.5,3
Tolima,Natagaima,0.1,23,PNUD,0.0,0,PNUD,1.4,3,PNUD,,,,,,,,,,0.5,3
Tolima,Suárez,0.0,2,PNUD,0.0,0,PNUD,1.4,3,PNUD,,,,,,,,,,0.5,3
Antioquia,Cocorná,0.2,71,PNUD,0.0,0,PNUD,0.9,2,PNUD,,,,,,,,,,0.4,3
Cauca,Guachené,0.7,261,PNUD,0.0,0,PNUD,0.5,1,PNUD,,,,,,,,,,0.4,3
Cauca,San Sebastián,0.2,65,PNUD,0.0,0,PNUD,0.9,2,PNUD,,,,,,,,,,0.4,3
Antioquia,Armenia,0.0,18,PNUD,0.0,0,PNUD,0.9,2,PNUD,,,,,,,,,,0.3,3
Antioquia,Buriticá,0.0,8,PNUD,0.0,0,PNUD,0.9,2,PNUD,,,,,,,,,,0.3,3
Antioquia,Chigorodó,0.0,2,PNUD,0.0,0,PNUD,0.9,2,PNUD,,,,,,,,,,0.3,3
Antioquia,Giraldo,0.0,18,PNUD,0.0,0,PNUD,0.9,2,PNUD,,,,,,,,,,0.3,3
Antioquia,Guarne,0.0,2,PNUD,0.0,0,PNUD,0.9,2,PNUD,,,,,,,,,,0.3,3
Antioquia,Gómez Plata,0.0,7,PNUD,0.0,0,PNUD,0.9,2,PNUD,,,,,,,,,,0.3,3
Antioquia,Toledo,0.0,4,PNUD,0.0,0,PNUD,0.9,2,PNUD,,,,,,,,,,0.3,3
Antioquia,Valdivia,0.0,5,PNUD,0.0,0,PNUD,0.9,2,PNUD,,,,,,,,,,0.3,3
Bolívar,Margarita,0.0,0,PNUD,0.0,0,PNUD,0.9,2,PNUD,,,,,,,,,,0.3,3
Cauca,Argelia,0.1,40,PNUD,0.0,0,PNUD,0.9,2,PNUD,,,,,,,,,,0.3,3
Cauca,La Sierra,0.0,4,PNUD,0.0,0,PNUD,0.9,2,PNUD,,,,,,,,,,0.3,3
Cauca,Puerto Tejada,0.3,119,PNUD,0.0,0,PNUD,0.5,1,PNUD,,,,,,,,,,0.3,3
Cauca,Puracé,0.0,3,PNUD,0.0,0,PNUD,0.9,2,PNUD,,,,,,,,,,0.3,3
Chocó,Carmen del Darién,0.5,193,PNUD,0.0,0,PNUD,0.0,0,PNUD,0.6,5.0,3iS-Sheets,,,,,,,0.3,4
Cundinamarca,Agua De Dios,0.0,0,PNUD,0.0,0,PNUD,0.9,2,PNUD,,,,,,,,,,0.3,3
Cundinamarca,Anapoima,0.0,0,PNUD,0.0,0,PNUD,0.9,2,PNUD,,,,,,,,,,0.3,3
Cundinamarca,Apulo,0.0,2,PNUD,0.0,0,PNUD,0.9,2,PNUD,,,,,,,,,,0.3,3
Cundinamarca,Granada,0.0,1,PNUD,0.0,0,PNUD,0.9,2,PNUD,,,,,,,,,,0.3,3
Cundinamarca,La Calera,0.0,0,PNUD,0.0,0,PNUD,0.9,2,PNUD,,,,,,,,,,0.3,3
Cundinamarca,Nilo,0.0,1,PNUD,0.0,0,PNUD,0.9,2,PNUD,,,,,,,,,,0.3,3
Cundinamarca,Nocaima,0.0,3,PNUD,0.0,0,PNUD,0.9,2,PNUD,,,,,,,,,,0.3,3
Cundinamarca,Pacho,0.0,0,PNUD,0.0,0,PNUD,0.9,2,PNUD,,,,,,,,,,0.3,3
Cundinamarca,Paratebueno,0.0,0,PNUD,0.0,0,PNUD,0.9,2,PNUD,,,,,,,,,,0.3,3
Cundinamarca,San Francisco,0.0,0,PNUD,0.0,0,PNUD,0.9,2,PNUD,,,,,,,,,,0.3,3
Cundinamarca,Ubalá,0.0,1,PNUD,0.0,0,PNUD,0.9,2,PNUD,,,,,,,,,,0.3,3
Cundinamarca,Yacopí,0.0,2,PNUD,0.0,0,PNUD,0.9,2,PNUD,,,,,,,,,,0.3,3
Cundinamarca,Útica,0.0,0,PNUD,0.0,0,PNUD,0.9,2,PNUD,,,,,,,,,,0.3,3
Huila,Campoalegre,0.0,8,PNUD,0.0,0,PNUD,0.9,2,PNUD,,,,,,,,,,0.3,3
Huila,Palestina,0.0,0,PNUD,0.0,0,PNUD,0.9,2,PNUD,,,,,,,,,,0.3,3
Huila,Villavieja,0.1,39,PNUD,0.0,0,PNUD,0.9,2,PNUD,,,,,,,,,,0.3,3
Norte de Santander,Chinácota,0.0,1,PNUD,0.0,0,PNUD,0.9,2,PNUD,,,,,,,,,,0.3,3
Norte de Santander,Tibú,0.0,0,PNUD,0.0,0,PNUD,0.9,2,PNUD,,,,,,,,,,0.3,3
Santander,Matanza,0.0,0,PNUD,0.0,0,PNUD,0.9,2,PNUD,,,,,,,,,,0.3,3
Tolima,Casabianca,0.0,2,PNUD,0.0,0,PNUD,0.9,2,PNUD,,,,,,,,,,0.3,3
Tolima,Líbano,0.0,12,PNUD,0.0,0,PNUD,0.9,2,PNUD,,,,,,,,,,0.3,3
Tolima,Rioblanco,0.0,0,PNUD,0.0,0,PNUD,0.9,2,PNUD,,,,,,,,,,0.3,3
Tolima,San Antonio,0.1,45,PNUD,0.0,0,PNUD,0.9,2,PNUD,,,,,,,,,,0.3,3
Antioquia,Cisneros,0.0,3,PNUD,0.0,0,PNUD,0.5,1,PNUD,,,,,,,,,,0.2,3
Antioquia,El Bagre,0.0,0,PNUD,0.0,0,PNUD,0.5,1,PNUD,,,,,,,,,,0.2,3
Antioquia,Entrerríos,0.0,8,PNUD,0.0,0,PNUD,0.5,1,PNUD,,,,,,,,,,0.2,3
Antioquia,Guadalupe,0.0,1,PNUD,0.0,0,PNUD,0.5,1,PNUD,,,,,,,,,,0.2,3
Antioquia,Jericó,0.1,21,PNUD,0.0,0,PNUD,0.5,1,PNUD,,,,,,,,,,0.2,3
Antioquia,Necoclí,0.0,1,PNUD,0.0,0,PNUD,0.5,1,PNUD,,,,,,,,,,0.2,3
Antioquia,Peque,0.0,4,PNUD,0.0,0,PNUD,0.5,1,PNUD,,,,,,,,,,0.2,3
Antioquia,Sabanalarga,0.0,10,PNUD,0.0,0,PNUD,0.5,1,PNUD,,,,,,,,,,0.2,3
Antioquia,San Francisco,0.0,4,PNUD,0.0,0,PNUD,0.5,1,PNUD,,,,,,,,,,0.2,3
Antioquia,San Roque,0.0,2,PNUD,0.0,0,PNUD,0.5,1,PNUD,,,,,,,,,,0.2,3
Antioquia,Titiribí,0.1,38,PNUD,0.0,0,PNUD,0.5,1,PNUD,,,,,,,,,,0.2,3
Antioquia,Vegachí,0.0,19,PNUD,0.0,0,PNUD,0.5,1,PNUD,,,,,,,,,,0.2,3
Bolívar,Regidor,0.0,7,PNUD,0.0,0,PNUD,0.5,1,PNUD,,,,,,,,,,0.2,3
Bolívar,San Cristóbal,0.0,0,PNUD,0.0,0,PNUD,0.5,1,PNUD,,,,,,,,,,0.2,3
Cauca,Almaguer,0.0,0,PNUD,0.0,0,PNUD,0.5,1,PNUD,,,,,,,,,,0.2,3
Cauca,Florencia,0.0,6,PNUD,0.0,0,PNUD,0.5,1,PNUD,,,,,,,,,,0.2,3
Cauca,Padilla,0.0,10,PNUD,0.0,0,PNUD,0.5,1,PNUD,,,,,,,,,,0.2,3
Cauca,Piamonte,0.0,1,PNUD,0.0,0,PNUD,0.5,1,PNUD,,,,,,,,,,0.2,3
Chocó,Bahía Solano,0.2,71,PNUD,0.0,0,PNUD,0.5,1,PNUD,,,,,,,,,,0.2,3
Cundinamarca,Albán,0.0,1,PNUD,0.0,0,PNUD,0.5,1,PNUD,,,,,,,,,,0.2,3
Cundinamarca,Cajicá,0.0,0,PNUD,0.0,0,PNUD,0.5,1,PNUD,,,,,,,,,,0.2,3
Cundinamarca,Caparrapí,0.0,0,PNUD,0.0,0,PNUD,0.5,1,PNUD,,,,,,,,,,0.2,3
Cundinamarca,Chía,0.0,0,PNUD,0.0,0,PNUD,0.5,1,PNUD,,,,,,,,,,0.2,3
Cundinamarca,Cota,0.0,2,PNUD,0.0,0,PNUD,0.5,1,PNUD,,,,,,,,,,0.2,3
Cundinamarca,Cáqueza,0.0,7,PNUD,0.0,0,PNUD,0.5,1,PNUD,,,,,,,,,,0.2,3
Cundinamarca,El Rosal,0.0,0,PNUD,0.0,0,PNUD,0.5,1,PNUD,,,,,,,,,,0.2,3
Cundinamarca,Guayabal De Síquima,0.0,0,PNUD,0.0,0,PNUD,0.5,1,PNUD,,,,,,,,,,0.2,3
Cundinamarca,Guayabetal,0.0,0,PNUD,0.0,0,PNUD,0.5,1,PNUD,,,,,,,,,,0.2,3
Cundinamarca,Gutiérrez,0.0,0,PNUD,0.0,0,PNUD,0.5,1,PNUD,,,,,,,,,,0.2,3
Cundinamarca,Nimaima,0.0,1,PNUD,0.0,0,PNUD,0.5,1,PNUD,,,,,,,,,,0.2,3
Cundinamarca,Pasca,0.0,1,PNUD,0.0,0,PNUD,0.5,1,PNUD,,,,,,,,,,0.2,3
Cundinamarca,Puerto Salgar,0.0,0,PNUD,0.0,0,PNUD,0.5,1,PNUD,,,,,,,,,,0.2,3
Cundinamarca,Pulí,0.0,1,PNUD,0.0,0,PNUD,0.5,1,PNUD,,,,,,,,,,0.2,3
Cundinamarca,Quebradanegra,0.0,0,PNUD,0.0,0,PNUD,0.5,1,PNUD,,,,,,,,,,0.2,3
Cundinamarca,San Antonio del Tequendama,0.0,0,PNUD,0.0,0,PNUD,0.5,1,PNUD,,,,,,,,,,0.2,3
Cundinamarca,San Juan De Rioseco,0.0,0,PNUD,0.0,0,PNUD,0.5,1,PNUD,,,,,,,,,,0.2,3
Cundinamarca,Sibaté,0.0,0,PNUD,0.0,0,PNUD,0.5,1,PNUD,,,,,,,,,,0.2,3
Cundinamarca,Subachoque,0.0,0,PNUD,0.0,0,PNUD,0.5,1,PNUD,,,,,,,,,,0.2,3
Cundinamarca,Suesca,0.0,0,PNUD,0.0,0,PNUD,0.5,1,PNUD,,,,,,,,,,0.2,3
Cundinamarca,Supatá,0.0,0,PNUD,0.0,0,PNUD,0.5,1,PNUD,,,,,,,,,,0.2,3
Cundinamarca,Tabio,0.0,0,PNUD,0.0,0,PNUD,0.5,1,PNUD,,,,,,,,,,0.2,3
Cundinamarca,Ubaque,0.0,0,PNUD,0.0,0,PNUD,0.5,1,PNUD,,,,,,,,,,0.2,3
Cundinamarca,Vergara,0.0,1,PNUD,0.0,0,PNUD,0.5,1,PNUD,,,,,,,,,,0.2,3
Cundinamarca,Villagómez,0.0,0,PNUD,0.0,0,PNUD,0.5,1,PNUD,,,,,,,,,,0.2,3
Cundinamarca,Villeta,0.0,2,PNUD,0.0,0,PNUD,0.5,1,PNUD,,,,,,,,,,0.2,3
Cundinamarca,Zipacón,0.0,1,PNUD,0.0,0,PNUD,0.5,1,PNUD,,,,,,,,,,0.2,3
Huila,San Agustín,0.0,0,PNUD,0.0,0,PNUD,0.5,1,PNUD,,,,,,,,,,0.2,3
Huila,Timaná,0.0,0,PNUD,0.0,0,PNUD,0.5,1,PNUD,,,,,,,,,,0.2,3
Nariño,Consacá,0.0,6,PNUD,0.0,0,PNUD,0.5,1,PNUD,,,,,,,,,,0.2,3
Nariño,El Peñol,0.0,5,PNUD,0.0,0,PNUD,0.5,1,PNUD,,,,,,,,,,0.2,3
Nariño,Funes,0.0,0,PNUD,0.0,0,PNUD,0.5,1,PNUD,,,,,,,,,,0.2,3
Nariño,Los Andes,0.0,7,PNUD,0.0,0,PNUD,0.5,1,PNUD,,,,,,,,,,0.2,3
Norte de Santander,Cucutilla,0.0,2,PNUD,0.0,0,PNUD,0.5,1,PNUD,,,,,,,,,,0.2,3
Norte de Santander,El Zulia,0.0,0,PNUD,0.0,0,PNUD,0.5,1,PNUD,,,,,,,,,,0.2,3
Norte de Santander,Lourdes,0.0,4,PNUD,0.0,0,PNUD,0.5,1,PNUD,,,,,,,,,,0.2,3
Norte de Santander,Salazar,0.0,6,PNUD,0.0,0,PNUD,0.5,1,PNUD,,,,,,,,,,0.2,3
Norte de Santander,Teorama,0.0,1,PNUD,0.0,0,PNUD,0.5,1,PNUD,,,,,,,,,,0.2,3
Norte de Santander,Villa del Rosario,0.0,11,PNUD,0.0,0,PNUD,0.5,1,PNUD,,,,,,,,,,0.2,3
Santander,Chima,0.0,0,PNUD,0.0,0,PNUD,0.5,1,PNUD,,,,,,,,,,0.2,3
Santander,Confines,0.0,0,PNUD,0.0,0,PNUD,0.5,1,PNUD,,,,,,,,,,0.2,3
Santander,La Paz,0.0,0,PNUD,0.0,0,PNUD,0.5,1,PNUD,,,,,,,,,,0.2,3
Santander,Lebrija,0.0,0,PNUD,0.0,0,PNUD,0.5,1,PNUD,,,,,,,,,,0.2,3
Santander,Los Santos,0.0,0,PNUD,0.0,0,PNUD,0.5,1,PNUD,,,,,,,,,,0.2,3
Santander,Macaravita,0.0,0,PNUD,0.0,0,PNUD,0.5,1,PNUD,,,,,,,,,,0.2,3
Santander,Oiba,0.0,0,PNUD,0.0,0,PNUD,0.5,1,PNUD,,,,,,,,,,0.2,3
Santander,Palmar,0.0,0,PNUD,0.0,0,PNUD,0.5,1,PNUD,,,,,,,,,,0.2,3
Santander,Pinchote,0.0,0,PNUD,0.0,0,PNUD,0.5,1,PNUD,,,,,,,,,,0.2,3
Santander,San Vicente de Chucurí,0.0,0,PNUD,0.0,0,PNUD,0.5,1,PNUD,,,,,,,,,,0.2,3
Santander,Santa Bárbara,0.0,0,PNUD,0.0,0,PNUD,0.5,1,PNUD,,,,,,,,,,0.2,3
Santander,Santa Helena del Opón,0.0,0,PNUD,0.0,0,PNUD,0.5,1,PNUD,,,,,,,,,,0.2,3
Santander,Suratá,0.0,0,PNUD,0.0,0,PNUD,0.5,1,PNUD,,,,,,,,,,0.2,3
Santander,Zapatoca,0.0,0,PNUD,0.0,0,PNUD,0.5,1,PNUD,,,,,,,,,,0.2,3
Tolima,Honda,0.0,0,PNUD,0.0,0,PNUD,0.5,1,PNUD,,,,,,,,,,0.2,3
Tolima,Planadas,0.0,0,PNUD,0.0,0,PNUD,0.5,1,PNUD,,,,,,,,,,0.2,3
Tolima,Venadillo,0.0,6,PNUD,0.0,0,PNUD,0.5,1,PNUD,,,,,,,,,,0.2,3
Antioquia,La Ceja,0.3,109,PNUD,0.0,0,PNUD,0.0,0,PNUD,,,,,,,,,,0.1,3
Antioquia,Retiro,0.2,60,PNUD,0.0,0,PNUD,0.0,0,PNUD,,,,,,,,,,0.1,3
Antioquia,Sabaneta,0.4,155,PNUD,0.0,0,PNUD,0.0,0,PNUD,,,,,,,,,,0.1,3
Antioquia,Angostura,0.0,3,PNUD,0.0,0,PNUD,0.0,0,PNUD,,,,,,,,,,0.0,3
Antioquia,Anorí,0.0,1,PNUD,0.0,0,PNUD,0.0,0,PNUD,,,,,,,,,,0.0,3
Antioquia,Apartadó,0.0,3,PNUD,0.0,0,PNUD,0.0,0,PNUD,,,,,,,,,,0.0,3
Antioquia,Bello,0.0,2,PNUD,0.0,0,PNUD,0.0,0,PNUD,,,,,,,,,,0.0,3
Antioquia,Carolina,0.0,0,PNUD,0.0,0,PNUD,0.0,0,PNUD,,,,,,,,,,0.0,3
Antioquia,Concepción,0.0,16,PNUD,0.0,0,PNUD,0.0,0,PNUD,,,,,,,,,,0.0,3
Antioquia,El Santuario,0.1,40,PNUD,0.0,0,PNUD,0.0,0,PNUD,,,,,,,,,,0.0,3
Antioquia,Marinilla,0.0,0,PNUD,0.0,0,PNUD,0.0,0,PNUD,,,,,,,,,,0.0,3
Antioquia,Mutatá,0.0,0,PNUD,0.0,0,PNUD,0.0,0,PNUD,,,,,,,,,,0.0,3
Antioquia,Remedios,0.0,3,PNUD,0.0,0,PNUD,0.0,0,PNUD,,,,,,,,,,0.0,3
Antioquia,San José de la Montaña,0.0,3,PNUD,0.0,0,PNUD,0.0,0,PNUD,,,,,,,,,,0.0,3
Antioquia,San Rafael,0.1,29,PNUD,0.0,0,PNUD,0.0,0,PNUD,,,,,,,,,,0.0,3
Antioquia,Turbo,0.0,0,PNUD,0.0,0,PNUD,0.0,0,PNUD,,,,,,,,,,0.0,3
Antioquia,Yalí,0.0,1,PNUD,0.0,0,PNUD,0.0,0,PNUD,,,,,,,,,,0.0,3
Antioquia,Zaragoza,0.0,0,PNUD,0.0,0,PNUD,0.0,0,PNUD,,,,,,,,,,0.0,3
Bolívar,Cantagallo,0.0,0,PNUD,0.0,0,PNUD,0.0,0,PNUD,,,,,,,,,,0.0,3
Bolívar,Morales,0.0,0,PNUD,0.0,0,PNUD,0.0,0,PNUD,,,,,,,,,,0.0,3
Bolívar,Santa Rosa del Sur,0.0,4,PNUD,0.0,0,PNUD,0.0,0,PNUD,,,,,,,,,,0.0,3
Bolívar,Simití,0.0,0,PNUD,0.0,0,PNUD,0.0,0,PNUD,,,,,,,,,,0.0,3
Bolívar,Talaigua Nuevo,0.0,0,PNUD,0.0,0,PNUD,0.0,0,PNUD,,,,,,,,,,0.0,3
Chocó,Bojayá,0.0,4,PNUD,0.0,0,PNUD,0.0,0,PNUD,,,,,,,,,,0.0,3
Cundinamarca,Anolaima,0.0,0,PNUD,0.0,0,PNUD,0.0,0,PNUD,,,,,,,,,,0.0,3
Cundinamarca,Arbeláez,0.0,0,PNUD,0.0,0,PNUD,0.0,0,PNUD,,,,,,,,,,0.0,3
Cundinamarca,Beltrán,0.0,0,PNUD,0.0,0,PNUD,0.0,0,PNUD,,,,,,,,,,0.0,3
Cundinamarca,Bituima,0.0,1,PNUD,0.0,0,PNUD,0.0,0,PNUD,,,,,,,,,,0.0,3
Cundinamarca,Bojacá,0.0,1,PNUD,0.0,0,PNUD,0.0,0,PNUD,,,,,,,,,,0.0,3
Cundinamarca,Carmen De Carupa,0.0,0,PNUD,0.0,0,PNUD,0.0,0,PNUD,,,,,,,,,,0.0,3
Cundinamarca,Chipaque,0.0,0,PNUD,0.0,0,PNUD,0.0,0,PNUD,,,,,,,,,,0.0,3
Cundinamarca,Chocontá,0.0,0,PNUD,0.0,0,PNUD,0.0,0,PNUD,,,,,,,,,,0.0,3
Cundinamarca,Cogua,0.0,1,PNUD,0.0,0,PNUD,0.0,0,PNUD,,,,,,,,,,0.0,3
Cundinamarca,Cucunubá,0.0,1,PNUD,0.0,0,PNUD,0.0,0,PNUD,,,,,,,,,,0.0,3
Cundinamarca,Fosca,0.0,0,PNUD,0.0,0,PNUD,0.0,0,PNUD,,,,,,,,,,0.0,3
Cundinamarca,Funza,0.0,1,PNUD,0.0,0,PNUD,0.0,0,PNUD,,,,,,,,,,0.0,3
Cundinamarca,Girardot,0.0,1,PNUD,0.0,0,PNUD,0.0,0,PNUD,,,,,,,,,,0.0,3
Cundinamarca,Guaduas,0.0,1,PNUD,0.0,0,PNUD,0.0,0,PNUD,,,,,,,,,,0.0,3
Cundinamarca,Guasca,0.0,0,PNUD,0.0,0,PNUD,0.0,0,PNUD,,,,,,,,,,0.0,3
Cundinamarca,Guatavita,0.0,1,PNUD,0.0,0,PNUD,0.0,0,PNUD,,,,,,,,,,0.0,3
Cundinamarca,Junín,0.0,0,PNUD,0.0,0,PNUD,0.0,0,PNUD,,,,,,,,,,0.0,3
Cundinamarca,La Mesa,0.0,0,PNUD,0.0,0,PNUD,0.0,0,PNUD,,,,,,,,,,0.0,3
Cundinamarca,La Palma,0.0,0,PNUD,0.0,0,PNUD,0.0,0,PNUD,,,,,,,,,,0.0,3
Cundinamarca,La Peña,0.0,5,PNUD,0.0,0,PNUD,0.0,0,PNUD,,,,,,,,,,0.0,3
Cundinamarca,Machetá,0.0,0,PNUD,0.0,0,PNUD,0.0,0,PNUD,,,,,,,,,,0.0,3
Cundinamarca,Manta,0.0,0,PNUD,0.0,0,PNUD,0.0,0,PNUD,,,,,,,,,,0.0,3
Cundinamarca,Medina,0.0,1,PNUD,0.0,0,PNUD,0.0,0,PNUD,,,,,,,,,,0.0,3
Cundinamarca,Mosquera,0.0,0,PNUD,0.0,0,PNUD,0.0,0,PNUD,,,,,,,,,,0.0,3
Cundinamarca,Nariño,0.0,0,PNUD,0.0,0,PNUD,0.0,0,PNUD,,,,,,,,,,0.0,3
Cundinamarca,Pandi,0.0,0,PNUD,0.0,0,PNUD,0.0,0,PNUD,,,,,,,,,,0.0,3
Cundinamarca,Quipile,0.0,0,PNUD,0.0,0,PNUD,0.0,0,PNUD,,,,,,,,,,0.0,3
Cundinamarca,Sesquilé,0.0,0,PNUD,0.0,0,PNUD,0.0,0,PNUD,,,,,,,,,,0.0,3
Cundinamarca,Soacha,0.0,1,PNUD,0.0,0,PNUD,0.0,0,PNUD,,,,,,,,,,0.0,3
Cundinamarca,Sopó,0.0,4,PNUD,0.0,0,PNUD,0.0,0,PNUD,,,,,,,,,,0.0,3
Cundinamarca,Sutatausa,0.0,0,PNUD,0.0,0,PNUD,0.0,0,PNUD,,,,,,,,,,0.0,3
Cundinamarca,Tausa,0.0,0,PNUD,0.0,0,PNUD,0.0,0,PNUD,,,,,,,,,,0.0,3
Cundinamarca,Tena,0.0,0,PNUD,0.0,0,PNUD,0.0,0,PNUD,,,,,,,,,,0.0,3
Cundinamarca,Tibacuy,0.0,1,PNUD,0.0,0,PNUD,0.0,0,PNUD,,,,,,,,,,0.0,3
Cundinamarca,Tibirita,0.0,0,PNUD,0.0,0,PNUD,0.0,0,PNUD,,,,,,,,,,0.0,3
Cundinamarca,Tocaima,0.0,1,PNUD,0.0,0,PNUD,0.0,0,PNUD,,,,,,,,,,0.0,3
Cundinamarca,Topaipí,0.0,0,PNUD,0.0,0,PNUD,0.0,0,PNUD,,,,,,,,,,0.0,3
Cundinamarca,Venecia,0.0,0,PNUD,0.0,0,PNUD,0.0,0,PNUD,,,,,,,,,,0.0,3
Cundinamarca,Vianí,0.0,0,PNUD,0.0,0,PNUD,0.0,0,PNUD,,,,,,,,,,0.0,3
Cundinamarca,Villa de San Diego de Ubaté,0.0,0,PNUD,0.0,0,PNUD,0.0,0,PNUD,,,,,,,,,,0.0,3
Cundinamarca,Villapinzón,0.0,0,PNUD,0.0,0,PNUD,0.0,0,PNUD,,,,,,,,,,0.0,3
Cundinamarca,Zipaquirá,0.0,0,PNUD,0.0,0,PNUD,0.0,0,PNUD,,,,,,,,,,0.0,3
Huila,Saladoblanco,0.0,0,PNUD,0.0,0,PNUD,0.0,0,PNUD,,,,,,,,,,0.0,3
Nariño,Belén,0.0,2,PNUD,0.0,0,PNUD,0.0,0,PNUD,,,,,,,,,,0.0,3
Nariño,Chachagüí,0.0,15,PNUD,0.0,0,PNUD,0.0,0,PNUD,,,,,,,,,,0.0,3
Nariño,El Tambo,0.0,2,PNUD,0.0,0,PNUD,0.0,0,PNUD,,,,,,,,,,0.0,3
Nariño,Guachucal,0.0,6,PNUD,0.0,0,PNUD,0.0,0,PNUD,,,,,,,,,,0.0,3
Nariño,Pasto,0.0,15,PNUD,0.0,0,PNUD,0.0,0,PNUD,,,,,,,,,,0.0,3
Nariño,Samaniego,0.0,6,PNUD,0.0,0,PNUD,0.0,0,PNUD,,,,,,,,,,0.0,3
Norte de Santander,Cáchira,0.0,4,PNUD,0.0,0,PNUD,0.0,0,PNUD,,,,,,,,,,0.0,3
Norte de Santander,El Tarra,0.0,2,PNUD,0.0,0,PNUD,0.0,0,PNUD,,,,,,,,,,0.0,3
Norte de Santander,Los Patios,0.0,6,PNUD,0.0,0,PNUD,0.0,0,PNUD,,,,,,,,,,0.0,3
Norte de Santander,Ocaña,0.0,1,PNUD,0.0,0,PNUD,0.0,0,PNUD,,,,,,,,,,0.0,3
Norte de Santander,Pamplonita,0.0,1,PNUD,0.0,0,PNUD,0.0,0,PNUD,,,,,,,,,,0.0,3
Norte de Santander,San Cayetano,0.0,2,PNUD,0.0,0,PNUD,0.0,0,PNUD,,,,,,,,,,0.0,3
Norte de Santander,San José de Cúcuta,0.1,28,PNUD,0.0,0,PNUD,0.0,0,PNUD,,,,,,,,,,0.0,3
Norte de Santander,Silos,0.0,4,PNUD,0.0,0,PNUD,0.0,0,PNUD,,,,,,,,,,0.0,3
Norte de Santander,Toledo,0.0,1,PNUD,0.0,0,PNUD,0.0,0,PNUD,,,,,,,,,,0.0,3
Norte de Santander,Villa Caro,0.0,1,PNUD,0.0,0,PNUD,0.0,0,PNUD,,,,,,,,,,0.0,3
Norte de Santander,Ábrego,0.0,4,PNUD,0.0,0,PNUD,0.0,0,PNUD,,,,,,,,,,0.0,3
Putumayo,Mocoa,0.0,0,PNUD,0.0,0,PNUD,0.0,0,PNUD,,,,,,,,,,0.0,3
Putumayo,Villagarzón,0.0,0,PNUD,0.0,0,PNUD,0.0,0,PNUD,,,,,,,,,,0.0,3
Santander,Betulia,0.0,2,PNUD,0.0,0,PNUD,0.0,0,PNUD,,,,,,,,,,0.0,3
Santander,Cimitarra,0.0,0,PNUD,0.0,0,PNUD,0.0,0,PNUD,,,,,,,,,,0.0,3
Santander,Guapotá,0.0,2,PNUD,0.0,0,PNUD,0.0,0,PNUD,,,,,,,,,,0.0,3
Sucre,Coveñas,0.0,6,PNUD,0.0,0,PNUD,0.0,0,PNUD,,,,,,,,,,0.0,3
Tolima,Anzoátegui,0.0,0,PNUD,0.0,0,PNUD,0.0,0,PNUD,,,,,,,,,,0.0,3
Tolima,Espinal,0.0,0,PNUD,0.0,0,PNUD,0.0,0,PNUD,,,,,,,,,,0.0,3
Tolima,Ibagué,0.0,0,PNUD,0.0,0,PNUD,0.0,0,PNUD,,,,,,,,,,0.0,3
Tolima,Melgar,0.0,3,PNUD,0.0,0,PNUD,0.0,0,PNUD,,,,,,,,,,0.0,3
Tolima,Purificación,0.1,37,PNUD,0.0,0,PNUD,0.0,0,PNUD,,,,,,,,,,0.0,3
Tolima,Roncesvalles,0.0,15,PNUD,0.0,0,PNUD,0.0,0,PNUD,,,,,,,,,,0.0,3
Tolima,Saldaña,0.0,3,PNUD,0.0,0,PNUD,0.0,0,PNUD,,,,,,,,,,0.0,3
Tolima,San Luis,0.0,0,PNUD,0.0,0,PNUD,0.0,0,PNUD,,,,,,,,,,0.0,3
Tolima,Valle de San Juan,0.0,0,PNUD,0.0,0,PNUD,0.0,0,PNUD,,,,,,,,,,0.0,3
