departamento,municipio,camara_comercio,empresarios_afectados,apoyo_recibido,aliados,recursos_propios
Quindío,Armenia,Armenia,432,Valoración de riesgos en infraestructuras,Comfenalco; Alcaldía de Armenía; Constructora Poporo; Fundación Construyendo Bienestar,Estrategias:; “Cadena de favores empresariales”; “El Quindío se reactiva”
Quindío,Buenavista,Armenia,3,,,
Quindío,Calarca,Armenia,63,,,
Quindío,Circasia,Armenia,50,,,
Quindío,Cordoba,Armenia,3,,,
Quindío,Filandia,Armenia,36,,,
Quindío,Genova,Armenia,2,,,
Quindío,La Tebaida,Armenia,0,,,
Quindío,Montenegro,Armenia,204,,,
Quindío,Pijao,Armenia,3,,,
Quindío,Quimbaya,Armenia,120,,,
Quindío,Salento,Armenia,18,,,
Valle del Cauca,Buenaventura,Buenaventura,319,Mercado,Banco de alimentos de la Diócesis; Cámara de Comercio de Cali; Gobernación del Valle   ; Alcaldía de Buenaventura,Están revisando programa de atención a los empresarios en entrega de activos
Valle del Cauca,Buga,Buga,11,"Asesorias jurídicas
Revisión de predios
Acompañamiento psicológico",Alcaldía municipal de Buga; Alcaldía municipal de Yotoco; Alcaldía municipal de Restrepo; Comfadi,Estrategias de reactivación comercial por sectores
Valle del Cauca,Calima (darien),Buga,44,,,
Valle del Cauca,El Cerrito,Buga,3,,,
Valle del Cauca,Ginebra,Buga,1,,,
Valle del Cauca,Guacari,Buga,5,,,
Valle del Cauca,Restrepo,Buga,7,,,
Valle del Cauca,San Pedro,Buga,11,,,
Valle del Cauca,Yotoco,Buga,23,,,
Valle del Cauca,Cali,Cali,2008,,Gobernación del Valle ; Alcaldía de Cali; Profacífico ; ANDI; Comfandi,
Valle del Cauca,Dagua,Cali,37,,,
Valle del Cauca,Jamundi,Cali,53,,,
Valle del Cauca,La Cumbre,Cali,20,,,
Valle del Cauca,Vijes,Cali,7,,,
Valle del Cauca,Yumbo,Cali,50,,,
Chocó,San Jose del Palmar,Cartago,4,,Gobernación del Valle ; Banco Agrario; Alcaldía de Roldanillo; Asociación de Empresarios Roldanillenses; Colombina,"Implementación de estrategias de fortalecimiento empresarial, promoción comercial, relacionamiento empresarial y dinamización económica."
Valle del Cauca,Alcala,Cartago,34,,,
Valle del Cauca,Ansermanuevo,Cartago,28,,,
Valle del Cauca,Argelia,Cartago,61,,,
Valle del Cauca,Cartago,Cartago,126,,,
Valle del Cauca,El Aguila,Cartago,21,,,
Valle del Cauca,El Cairo,Cartago,35,,,
Valle del Cauca,El Dovio,Cartago,11,,,
Valle del Cauca,La Union,Cartago,98,,,
Valle del Cauca,La Victoria,Cartago,21,,,
Valle del Cauca,Obando,Cartago,10,,,
Valle del Cauca,Roldanillo,Cartago,496,,,
Valle del Cauca,Toro,Cartago,53,,,
Valle del Cauca,Ulloa,Cartago,34,,,
Valle del Cauca,Versalles,Cartago,103,,,
Caldas,Chinchina,Chinchina,29,Material de construcción,Cámara de Comercio de Medellín; Cámara de Comercio de Manizales; Cámara de Comercio de La Dorada,Se realizó un festival solidario y se esta trabajando en un programa para atender la emergencia
Caldas,Palestina,Chinchina,6,,,
Chocó,Quibdo,Chocó,304,Ayuda Humanitaria,Banco Mundo Mujer; Bancamia; Finagro; Banco Agrario; Fundación Pies Descalzos; Grupo Éxito,Están revisando programa de atención a los empresarios en entrega de activos
Chocó,Acandi,Chocó,3,,,
Chocó,Alto Baudo (pie de Pato),Chocó,2,,,
Chocó,Atrato,Chocó,4,,,
Chocó,Bagado,Chocó,5,,,
Chocó,Bahia Solano (puerto Mutis),Chocó,1,,,
Chocó,Bajo Baudo (pizarro),Chocó,3,,,
Chocó,Belen de Bajira,Chocó,0,,,
Chocó,Bojaya (bellavista),Chocó,0,,,
Chocó,Canton del San Pablo,Chocó,0,,,
Chocó,Carmen de Darien,Chocó,0,,,
Chocó,Certegui,Chocó,1,,,
Chocó,Condoto,Chocó,1,,,
Chocó,El Carmen,Chocó,0,,,
Chocó,El Litoral del San Juan,Chocó,2,,,
Chocó,Istmina,Chocó,15,,,
Chocó,Jurado,Chocó,0,,,
Chocó,Lloro,Chocó,0,,,
Chocó,Medio Atrato,Chocó,1,,,
Chocó,Medio Baudo,Chocó,32,,,
Chocó,Medio San Juan,Chocó,0,,,
Chocó,Novita,Chocó,1,,,
Chocó,Nuqui,Chocó,2,,,
Chocó,Rio Iro,Chocó,2,,,
Chocó,Rio Quito,Chocó,0,,,
Chocó,Riosucio,Chocó,38,,,
Chocó,Sipi,Chocó,1,,,
Chocó,Tado,Chocó,9,,,
Chocó,Unguia,Chocó,1,,,
Chocó,Union Panamericana,Chocó,32,,,
Risaralda,Dos Quebradas,Dosquebradas,1492,Mercado,Alcaldía de Dosquebradas,Se esta coordinando la realización de una feria empresarial
Caldas,La Dorada,La Dorada,1,,Gobernación de Caldas; Fondo Solidario por los Empresarios de Caldas,Están revisando programa de atención a los empresarios en entrega de activos
Caldas,Manzanares,La Dorada,1,,,
Caldas,Marquetalia,La Dorada,0,,,
Caldas,Norcasia,La Dorada,0,,,
Caldas,Pensilvania,La Dorada,0,,,
Caldas,Samana,La Dorada,1,,,
Caldas,Victoria,La Dorada,1,,,
Caldas,Manizales,Manizales,920,,Alcaldía de Manizales; Cotelco Caldas; Gobernación de Caldas; Fundación Microfinanzas BBVA,La Junta Directiva aprobó $1.000 millones de recursos propios para reactivación empresarial.
Caldas,Aguadas,Manizales,9,,,
Caldas,Anserma,Manizales,12,,,
Caldas,Aranzazu,Manizales,7,,,
Caldas,Belalcazar,Manizales,7,,,
Caldas,Filadelfia,Manizales,0,,,
Caldas,La Merced,Manizales,1,,,
Caldas,Marmato,Manizales,0,,,
Caldas,Marulanda,Manizales,4,,,
Caldas,Neira,Manizales,4,,,
Caldas,Pacora,Manizales,1,,,
Caldas,Riosucio,Manizales,38,,,
Caldas,Risaralda,Manizales,28,,,
Caldas,Salamina,Manizales,4,,,
Caldas,San Jose,Manizales,14,,,
Caldas,Supia,Manizales,3,,,
Caldas,Villamaria,Manizales,42,,,
Caldas,Viterbo,Manizales,31,,,
Valle del Cauca,Candelaria,Palmira,11,,Alcaldía de Palmira; Fenalco Palmira,Están revisando programa de atención a los empresarios en entrega de activos
Valle del Cauca,Florida,Palmira,6,,,
Valle del Cauca,Palmira,Palmira,57,,,
Valle del Cauca,Pradera,Palmira,6,,,
Risaralda,Pereira,Pereira,5302,,Alcaldía de Pereira; Acopi; Comfamiliar Risaralda; Tecnoglass; Fundación AGM Huellas de Piedra; Fundación Arturo Calle,Están revisando programa de atención a los empresarios en entrega de activos
Risaralda,Apia,Pereira,9,,,
Risaralda,Balboa,Pereira,7,,,
Risaralda,Belen de Umbria,Pereira,8,,,
Risaralda,Guatica,Pereira,1,,,
Risaralda,La Celia,Pereira,4,,,
Risaralda,La Virginia,Pereira,54,,,
Risaralda,Marsella,Pereira,35,,,
Risaralda,Mistrato,Pereira,1,,,
Risaralda,Pueblo Rico,Pereira,4,,,
Risaralda,Quinchia,Pereira,2,,,
Risaralda,Santuario,Pereira,7,,,
Risaralda,Santa Rosa de Cabal,Santa Rosa de Cabal,109,Ayuda Humanitaria,Alcaldía de Santa Rosa; Comfamiliar Risaralda,"Estrategia ""Santa Rosa de Cabal vuelve a latir"""
Valle del Cauca,Caicedonia,Sevilla,169,Ayuda Humanitaria,Sociedad Antiqueña de Ingenieros y Arquitectos ; Alcaldía de Sevilla; Fondo Valle INN,"Programa Impulso Región para fortalecer la competitividad de los empresarios afectados por el terremoto mediante acciones de formación, fortalecimiento comercial y entrega de activos productivos."
Valle del Cauca,Sevilla,Sevilla,413,,,
Valle del Cauca,Andalucia,Tulua,26,"Ayuda Humanitaria
Materiales de construcción",Alcaldía de Tuluá; Fenalco Tuluá,"Banco de materiales para la construcción ""Tuluá un solo corazón"""
Valle del Cauca,Bolivar,Tulua,25,,,
Valle del Cauca,Bugalagrande,Tulua,56,,,
Valle del Cauca,Riofrio,Tulua,46,,,
Valle del Cauca,Trujillo,Tulua,35,,,
Valle del Cauca,Tulua,Tulua,101,,,
Valle del Cauca,Zarzal,Tulua,120,,,
