departamento,municipio,gravedad_oficial,puntos_dano,poblacion,poblacion_texto,nota
Antioquia,Abejorral,Sin clasificación oficial,3,21000,21 mil,
Antioquia,Alejandría,Sin clasificación oficial,0,5000,5 mil,
Antioquia,Amagá,Sin clasificación oficial,1,33000,33 mil,
Antioquia,Amalfi,Sin clasificación oficial,0,29000,29 mil,
Antioquia,Andes,Sin clasificación oficial,12,45000,45 mil,
Antioquia,Angelópolis,Sin clasificación oficial,0,6000,6 mil,
Antioquia,Angostura,Sin clasificación oficial,0,13000,13 mil,
Antioquia,Anzá,Sin clasificación oficial,1,8000,8 mil,
Antioquia,Apartadó,Sin clasificación oficial,1,126000,126 mil,
Antioquia,Argelia,Sin clasificación oficial,5,8000,8 mil,
Antioquia,Armenia,Sin clasificación oficial,0,5000,5 mil,"Declarado afectado en el reparto municipal del EDAN de viviendas de la UNGRD (capa 3iS/iMMAP para OCHA, 12-08-2026), y entre los 90 municipios afectados que enumeró la Gobernación de Antioquia (El Colombiano, 12-08-2026)."
Antioquia,Barbosa,Sin clasificación oficial,0,64000,64 mil,
Antioquia,Bello,Sin clasificación oficial,4,609000,609 mil,
Antioquia,Betania,Sin clasificación oficial,0,11000,11 mil,
Antioquia,Betulia,Sin clasificación oficial,3,17000,17 mil,
Antioquia,Caicedo,Sin clasificación oficial,0,9000,9 mil,
Antioquia,Caldas,Sin clasificación oficial,1,90000,90 mil,
Antioquia,Campamento,Sin clasificación oficial,0,10000,10 mil,
Antioquia,Caracolí,Sin clasificación oficial,0,4000,4 mil,
Antioquia,Caramanta,Sin clasificación oficial,3,4000,4 mil,
Antioquia,Carepa,Sin clasificación oficial,1,51000,51 mil,
Antioquia,Carolina del Príncipe,Sin clasificación oficial,0,4000,4 mil,
Antioquia,Caucasia,Sin clasificación oficial,2,94000,94 mil,
Antioquia,Cañasgordas,Sin clasificación oficial,1,15000,15 mil,
Antioquia,Cisneros,Sin clasificación oficial,2,10000,10 mil,
Antioquia,Ciudad Bolívar,Sin clasificación oficial,2,28000,28 mil,
Antioquia,Cocorná,Sin clasificación oficial,0,16000,16 mil,
Antioquia,Concepción,Sin clasificación oficial,0,5000,5 mil,
Antioquia,Concordia,Sin clasificación oficial,2,22000,22 mil,
Antioquia,Copacabana,Sin clasificación oficial,2,92000,92 mil,
Antioquia,Dabeiba,Sin clasificación oficial,1,25000,25 mil,
Antioquia,Donmatías,Sin clasificación oficial,1,20000,20 mil,
Antioquia,Ebéjico,Sin clasificación oficial,0,13000,13 mil,
Antioquia,El Bagre,Sin clasificación oficial,0,57000,57 mil,
Antioquia,El Peñol,Sin clasificación oficial,1,24000,24 mil,
Antioquia,El Retiro,Sin clasificación oficial,2,28000,28 mil,
Antioquia,El Santuario,Sin clasificación oficial,1,41000,41 mil,
Antioquia,Entrerríos,Sin clasificación oficial,0,13000,13 mil,
Antioquia,Envigado,Sin clasificación oficial,1,268000,268 mil,
Antioquia,Fredonia,Sin clasificación oficial,3,27000,27 mil,
Antioquia,Frontino,Sin clasificación oficial,0,22000,22 mil,
Antioquia,Giraldo,Sin clasificación oficial,0,6000,6 mil,
Antioquia,Girardota,Sin clasificación oficial,0,62000,62 mil,
Antioquia,Granada,Sin clasificación oficial,1,11000,11 mil,
Antioquia,Guarne,Sin clasificación oficial,1,66000,66 mil,
Antioquia,Gómez Plata,Sin clasificación oficial,0,10000,10 mil,
Antioquia,Heliconia,Sin clasificación oficial,0,5000,5 mil,
Antioquia,Hispania,Sin clasificación oficial,4,6000,6 mil,
Antioquia,Itagüí,Sin clasificación oficial,2,306000,306 mil,
Antioquia,Ituango,Sin clasificación oficial,2,30000,30 mil,
Antioquia,Jardín,Sin clasificación oficial,9,16000,16 mil,
Antioquia,Jericó,Sin clasificación oficial,6,14000,14 mil,
Antioquia,La Ceja,Sin clasificación oficial,10,74000,74 mil,
Antioquia,La Estrella,Sin clasificación oficial,0,84000,84 mil,
Antioquia,La Pintada,Sin clasificación oficial,7,9000,9 mil,
Antioquia,La Unión,Sin clasificación oficial,3,24000,24 mil,
Antioquia,Liborina,Sin clasificación oficial,0,11000,11 mil,
Antioquia,Marinilla,Sin clasificación oficial,2,76000,76 mil,
Antioquia,Medellín,Sin clasificación oficial,60,2500000,"2,5 millones",
Antioquia,Montebello,Sin clasificación oficial,1,6000,6 mil,
Antioquia,Nariño,Sin clasificación oficial,0,11000,11 mil,
Antioquia,Peque,Sin clasificación oficial,0,9000,9 mil,
Antioquia,Pueblorrico,Sin clasificación oficial,2,9000,9 mil,
Antioquia,Puerto Nare,Sin clasificación oficial,0,16000,16 mil,
Antioquia,Puerto Triunfo,Sin clasificación oficial,0,20000,20 mil,
Antioquia,Remedios,Sin clasificación oficial,2,34000,34 mil,
Antioquia,Rionegro,Sin clasificación oficial,19,156000,156 mil,
Antioquia,Sabaneta,Sin clasificación oficial,7,109000,109 mil,
Antioquia,Salgar,Sin clasificación oficial,1,19000,19 mil,
Antioquia,San Carlos,Sin clasificación oficial,1,17000,17 mil,
Antioquia,San Francisco,Sin clasificación oficial,0,6000,6 mil,Declarado afectado en el reparto municipal del EDAN de viviendas de la UNGRD.
Antioquia,San Jerónimo,Sin clasificación oficial,1,19000,19 mil,
Antioquia,San Luis,Sin clasificación oficial,0,15000,15 mil,Declarado afectado en el reparto municipal del EDAN de viviendas de la UNGRD.
Antioquia,San Pedro de Urabá,Sin clasificación oficial,1,33000,33 mil,
Antioquia,San Rafael,Sin clasificación oficial,1,18000,18 mil,
Antioquia,San Vicente Ferrer,Sin clasificación oficial,0,25000,25 mil,
Antioquia,Santa Bárbara,Sin clasificación oficial,0,30000,30 mil,
Antioquia,Santa Fe de Antioquia,Sin clasificación oficial,2,29000,29 mil,
Antioquia,Santa Rosa de Osos,Sin clasificación oficial,1,41000,41 mil,
Antioquia,Santo Domingo,Sin clasificación oficial,0,14000,14 mil,
Antioquia,Sonsón,Sin clasificación oficial,8,36000,36 mil,
Antioquia,Sopetrán,Sin clasificación oficial,1,17000,17 mil,
Antioquia,Tarso,Sin clasificación oficial,1,7000,7 mil,
Antioquia,Titiribí,Sin clasificación oficial,3,12000,12 mil,
Antioquia,Toledo,Sin clasificación oficial,0,5000,5 mil,
Antioquia,Turbo,Sin clasificación oficial,1,130000,130 mil,
Antioquia,Támesis,Sin clasificación oficial,11,17000,17 mil,
Antioquia,Uramita,Sin clasificación oficial,0,8000,8 mil,
Antioquia,Urrao,Sin clasificación oficial,4,32000,32 mil,
Antioquia,Valdivia,Sin clasificación oficial,0,15000,15 mil,
Antioquia,Valparaíso,Sin clasificación oficial,0,7000,7 mil,
Antioquia,Vegachí,Sin clasificación oficial,0,12000,12 mil,
Antioquia,Venecia,Sin clasificación oficial,3,12000,12 mil,
Antioquia,Vigía del Fuerte,Sin clasificación oficial,2,12000,12 mil,
Antioquia,Yalí,Sin clasificación oficial,2,8000,8 mil,
Antioquia,Yarumal,Sin clasificación oficial,0,42000,42 mil,
Antioquia,Yolombó,Sin clasificación oficial,1,25000,25 mil,
Antioquia,Yondó,Sin clasificación oficial,1,22000,22 mil,
Antioquia,Zaragoza,Sin clasificación oficial,1,27000,27 mil,
Atlántico,Barranquilla,Sin clasificación oficial,19,1300000,"1,3 millones",
Bogotá D.C.,Bogotá D.C.,Sin clasificación oficial,109,7900000,"7,9 millones",
Bolívar,Cartagena,Sin clasificación oficial,13,1000000,"1,0 millones",
Bolívar,San Pablo,Sin clasificación oficial,0,29000,29 mil,
Bolívar,Turbaco,Sin clasificación oficial,1,130000,130 mil,
Boyacá,Chiquinquirá,Sin clasificación oficial,1,58000,58 mil,
Boyacá,Tunja,Sin clasificación oficial,1,191000,191 mil,
Caldas,Aguadas,Sin clasificación oficial,16,22000,22 mil,
Caldas,Anserma,Afectación alta,13,37000,37 mil,Afectaciones estructurales y daños en infraestructura.
Caldas,Aranzazu,Sin clasificación oficial,14,11000,11 mil,
Caldas,Belalcázar,Sin clasificación oficial,13,10000,10 mil,
Caldas,Chinchiná,Afectación alta,33,50000,50 mil,Daños estructurales e infraestructura afectada.
Caldas,Filadelfia,Sin clasificación oficial,3,11000,11 mil,
Caldas,La Dorada,Sin clasificación oficial,4,71000,71 mil,
Caldas,La Merced,Sin clasificación oficial,1,6000,6 mil,
Caldas,Manizales,Afectación crítica,386,476000,476 mil,Colapsos y daños graves en edificaciones e infraestructura; afectación de la Catedral y hospitales.
Caldas,Manzanares,Sin clasificación oficial,10,18000,18 mil,
Caldas,Marmato,Afectación alta,1,9000,9 mil,Daños y afectaciones estructurales.
Caldas,Marquetalia,Sin clasificación oficial,3,14000,14 mil,
Caldas,Marulanda,Sin clasificación oficial,3,3000,3 mil,
Caldas,Neira,Afectación alta,11,21000,21 mil,Afectaciones en infraestructura y servicios.
Caldas,Norcasia,Sin clasificación oficial,2,6000,6 mil,
Caldas,Palestina,Afectación alta,23,16000,16 mil,Daños en infraestructura y viviendas.
Caldas,Pensilvania,Sin clasificación oficial,22,20000,20 mil,
Caldas,Pácora,Sin clasificación oficial,15,16000,16 mil,
Caldas,Riosucio,Afectación alta,16,52000,52 mil,Daños y afectaciones en infraestructura.
Caldas,Risaralda,Sin clasificación oficial,6,11000,11 mil,
Caldas,Salamina,Sin clasificación oficial,15,19000,19 mil,
Caldas,Samaná,Sin clasificación oficial,5,21000,21 mil,
Caldas,San José,Sin clasificación oficial,7,5000,5 mil,
Caldas,Supía,Sin clasificación oficial,6,32000,32 mil,
Caldas,Victoria,Sin clasificación oficial,4,11000,11 mil,
Caldas,Villamaría,Afectación alta,29,74000,74 mil,Daños en viviendas e infraestructura y víctimas.
Caldas,Viterbo,Sin clasificación oficial,12,13000,13 mil,
Caquetá,Florencia,Sin clasificación oficial,1,189000,189 mil,
Cauca,Almaguer,Sin clasificación oficial,1,18000,18 mil,
Cauca,Argelia,Sin clasificación oficial,1,28000,28 mil,
Cauca,Balboa,Sin clasificación oficial,2,23000,23 mil,
Cauca,Bolívar,Sin clasificación oficial,1,38000,38 mil,
Cauca,Buenos Aires,Sin clasificación oficial,2,33000,33 mil,
Cauca,Cajibío,Sin clasificación oficial,2,47000,47 mil,
Cauca,Caldono,Sin clasificación oficial,1,45000,45 mil,
Cauca,Caloto,Sin clasificación oficial,1,31000,31 mil,
Cauca,Corinto,Sin clasificación oficial,2,28000,28 mil,
Cauca,El Tambo,Sin clasificación oficial,2,59000,59 mil,
Cauca,Florencia,Sin clasificación oficial,1,5000,5 mil,
Cauca,Guachené,Sin clasificación oficial,2,20000,20 mil,
Cauca,Guapi,Sin clasificación oficial,6,30000,30 mil,
Cauca,Inzá,Sin clasificación oficial,1,29000,29 mil,
Cauca,Jambaló,Sin clasificación oficial,1,19000,19 mil,
Cauca,La Sierra,Sin clasificación oficial,1,11000,11 mil,
Cauca,La Vega,Sin clasificación oficial,1,24000,24 mil,
Cauca,López de Micay,Sin clasificación oficial,1,20000,20 mil,
Cauca,Mercaderes,Sin clasificación oficial,1,27000,27 mil,
Cauca,Miranda,Sin clasificación oficial,1,33000,33 mil,
Cauca,Morales,Sin clasificación oficial,2,46000,46 mil,
Cauca,Padilla,Sin clasificación oficial,1,11000,11 mil,
Cauca,Patía,Sin clasificación oficial,1,39000,39 mil,
Cauca,Piendamó,Sin clasificación oficial,2,43000,43 mil,
Cauca,Popayán,Sin clasificación oficial,23,355000,355 mil,
Cauca,Puerto Tejada,Sin clasificación oficial,3,44000,44 mil,
Cauca,Puracé,Sin clasificación oficial,3,18000,18 mil,
Cauca,Rosas,Sin clasificación oficial,2,12000,12 mil,
Cauca,San Sebastián,Sin clasificación oficial,1,11000,11 mil,
Cauca,Santa Rosa,Sin clasificación oficial,1,5000,5 mil,
Cauca,Santander de Quilichao,Sin clasificación oficial,13,131000,131 mil,
Cauca,Silvia,Sin clasificación oficial,2,41000,41 mil,
Cauca,Sotará,Sin clasificación oficial,0,15000,15 mil,
Cauca,Sucre,Sin clasificación oficial,1,10000,10 mil,
Cauca,Suárez,Sin clasificación oficial,2,39000,39 mil,
Cauca,Timbiquí,Sin clasificación oficial,1,30000,30 mil,
Cauca,Timbío,Sin clasificación oficial,1,40000,40 mil,
Cauca,Toribío,Sin clasificación oficial,1,40000,40 mil,
Cauca,Totoró,Sin clasificación oficial,2,28000,28 mil,
Cesar,Bosconia,Sin clasificación oficial,1,49000,49 mil,
Cesar,Pailitas,Sin clasificación oficial,1,21000,21 mil,
Cesar,San Diego,Sin clasificación oficial,1,24000,24 mil,
Cesar,Valledupar,Sin clasificación oficial,4,629000,629 mil,
Chocó,Acandí,Sin clasificación oficial,0,16000,16 mil,
Chocó,Alto Baudó,Sin clasificación oficial,4,29000,29 mil,
Chocó,Atrato,Sin clasificación oficial,4,7000,7 mil,
Chocó,Bagadó,Sin clasificación oficial,2,13000,13 mil,
Chocó,Bahía Solano,Sin clasificación oficial,2,11000,11 mil,
Chocó,Bajo Baudó,Sin clasificación oficial,5,35000,35 mil,
Chocó,Bojayá,Sin clasificación oficial,0,13000,13 mil,
Chocó,Condoto,Sin clasificación oficial,5,13000,13 mil,
Chocó,Cértegui,Sin clasificación oficial,5,6000,6 mil,
Chocó,El Cantón del San Pablo,Sin clasificación oficial,3,7000,7 mil,
Chocó,El Carmen de Atrato,Sin clasificación oficial,5,9000,9 mil,
Chocó,El Litoral del San Juan,Sin clasificación oficial,8,28000,28 mil,
Chocó,Istmina,Sin clasificación oficial,14,37000,37 mil,
Chocó,Lloró,Sin clasificación oficial,2,10000,10 mil,
Chocó,Medio Atrato,Sin clasificación oficial,1,11000,11 mil,
Chocó,Medio Baudó,Sin clasificación oficial,3,18000,18 mil,
Chocó,Medio San Juan,Sin clasificación oficial,16,11000,11 mil,
Chocó,Nuquí,Sin clasificación oficial,3,19000,19 mil,
Chocó,Nóvita,Afectación muy alta,5,10000,10 mil,Cercanía al epicentro; afectaciones y priorización para atención de emergencia.
Chocó,Quibdó,Afectación crítica,80,143000,143 mil,"Daños estructurales, personas heridas y afectación de edificaciones y servicios."
Chocó,Riosucio,Sin clasificación oficial,1,30000,30 mil,
Chocó,Río Iró,Afectación muy alta,3,6000,6 mil,Zona próxima al epicentro; afectaciones graves y priorización humanitaria.
Chocó,Río Quito,Sin clasificación oficial,1,8000,8 mil,
Chocó,San José del Palmar,Afectación crítica,26,5000,5 mil,Epicentro; viviendas y estructuras dañadas; vías bloqueadas por derrumbes; operación de rescate.
Chocó,Sipí,Afectación alta,8,3000,3 mil,Afectaciones y zona próxima al entorno del evento.
Chocó,Tadó,Sin clasificación oficial,12,19000,19 mil,
Chocó,Unión Panamericana,Sin clasificación oficial,8,7000,7 mil,
Cundinamarca,Albán,Sin clasificación oficial,2,7000,7 mil,
Cundinamarca,Anapoima,Afectación media-alta,1,17000,17 mil,Daños en dos instituciones educativas.
Cundinamarca,Anolaima,Sin clasificación oficial,1,15000,15 mil,
Cundinamarca,Apulo,Afectación alta,3,9000,9 mil,Daños importantes en dos sedes educativas y viviendas.
Cundinamarca,Bituima,Sin clasificación oficial,0,2000,2 mil,
Cundinamarca,Bojacá,Sin clasificación oficial,0,11000,11 mil,
Cundinamarca,Cabrera,Afectación alta,1,5000,5 mil,Daños en cuatro sedes educativas.
Cundinamarca,Cajicá,Sin clasificación oficial,3,126000,126 mil,
Cundinamarca,Choachí,Sin clasificación oficial,0,11000,11 mil,
Cundinamarca,Chía,Afectación media,5,178000,178 mil,Agrietamientos en institución educativa.
Cundinamarca,Cogua,Sin clasificación oficial,1,26000,26 mil,
Cundinamarca,Cota,Sin clasificación oficial,0,49000,49 mil,
Cundinamarca,Cucunubá,Sin clasificación oficial,0,8000,8 mil,
Cundinamarca,Cáqueza,Afectación alta,2,18000,18 mil,Viviendas agrietadas y una vivienda evacuada preventivamente.
Cundinamarca,Funza,Afectación media,6,126000,126 mil,Incidentes en bodegas con sustancias químicas y fuga de gas controlada.
Cundinamarca,Fusagasugá,Sin clasificación oficial,3,163000,163 mil,
Cundinamarca,Fúquene,Sin clasificación oficial,1,5000,5 mil,
Cundinamarca,Girardot,Sin clasificación oficial,2,104000,104 mil,
Cundinamarca,Granada,Sin clasificación oficial,0,8000,8 mil,Declarado afectado en el reparto municipal del EDAN de viviendas de la UNGRD.
Cundinamarca,Guachetá,Sin clasificación oficial,1,15000,15 mil,
Cundinamarca,Guaduas,Sin clasificación oficial,0,31000,31 mil,
Cundinamarca,Guataquí,Sin clasificación oficial,1,3000,3 mil,
Cundinamarca,Guatavita,Sin clasificación oficial,0,6000,6 mil,
Cundinamarca,La Mesa,Sin clasificación oficial,1,38000,38 mil,
Cundinamarca,La Palma,Sin clasificación oficial,1,10000,10 mil,
Cundinamarca,La Peña,Sin clasificación oficial,0,6000,6 mil,
Cundinamarca,Madrid,Afectación media,3,147000,147 mil,Daños/incidente en bodega y derrame controlado.
Cundinamarca,Medina,Sin clasificación oficial,1,9000,9 mil,
Cundinamarca,Mosquera,Afectación media,2,186000,186 mil,"Daños en bodega, cierre preventivo y fisuras."
Cundinamarca,Nilo,Afectación media,3,11000,11 mil,Agrietamientos en edificaciones y colegio.
Cundinamarca,Nimaima,Sin clasificación oficial,0,4000,4 mil,
Cundinamarca,Nocaima,Sin clasificación oficial,0,5000,5 mil,
Cundinamarca,Pacho,Sin clasificación oficial,1,25000,25 mil,
Cundinamarca,Paratebueno,Sin clasificación oficial,1,9000,9 mil,
Cundinamarca,Pasca,Sin clasificación oficial,0,9000,9 mil,
Cundinamarca,Puerto Salgar,Afectación media,2,16000,16 mil,Daños en institución educativa.
Cundinamarca,Pulí,Sin clasificación oficial,0,4000,4 mil,
Cundinamarca,Ricaurte,Afectación media,2,16000,16 mil,Agrietamientos en oficinas de servicios públicos.
Cundinamarca,San Antonio del Tequendama,Sin clasificación oficial,1,12000,12 mil,
Cundinamarca,San Francisco,Sin clasificación oficial,4,13000,13 mil,
Cundinamarca,San Juan de Rioseco,Afectación media,2,8000,8 mil,Agrietamientos en estación de Policía y colegio.
Cundinamarca,Sasaima,Afectación media-alta,3,11000,11 mil,Daños en hospital y colegio.
Cundinamarca,Soacha,Afectación media,14,896000,896 mil,Agrietamientos en edificaciones y establecimientos.
Cundinamarca,Sopó,Afectación media,1,34000,34 mil,Fisuras en varias urbanizaciones.
Cundinamarca,Subachoque,Sin clasificación oficial,1,18000,18 mil,
Cundinamarca,Suesca,Afectación media,2,20000,20 mil,Daños leves en institución educativa.
Cundinamarca,Tabio,Afectación media,1,23000,23 mil,Afectaciones en institución educativa; inspección estructural.
Cundinamarca,Tena,Afectación muy alta,1,12000,12 mil,Alcaldía e iglesia con afectaciones de consideración y riesgo de colapso ante nuevas réplicas.
Cundinamarca,Tenjo,Afectación media-alta,2,25000,25 mil,Daños en hospital y parque empresarial.
Cundinamarca,Tibacuy,Sin clasificación oficial,1,4000,4 mil,
Cundinamarca,Tocaima,Afectación media,1,16000,16 mil,Vivienda agrietada y verificaciones adicionales.
Cundinamarca,Ubalá,Sin clasificación oficial,5,8000,8 mil,
Cundinamarca,Ubaque,Afectación alta,1,7000,7 mil,"Daños en Alcaldía, institución educativa y plaza de mercado."
Cundinamarca,Vergara,Sin clasificación oficial,0,7000,7 mil,
Cundinamarca,Villeta,Sin clasificación oficial,0,30000,30 mil,
Cundinamarca,Yacopí,Sin clasificación oficial,1,11000,11 mil,
Cundinamarca,Zipacón,Sin clasificación oficial,0,5000,5 mil,
Cundinamarca,Zipaquirá,Sin clasificación oficial,5,170000,170 mil,
Córdoba,Montería,Sin clasificación oficial,3,585000,585 mil,
Huila,Acevedo,Sin clasificación oficial,2,26000,26 mil,
Huila,Agrado,Sin clasificación oficial,1,9000,9 mil,
Huila,Aipe,Sin clasificación oficial,3,18000,18 mil,
Huila,Baraya,Sin clasificación oficial,5,8000,8 mil,
Huila,Campoalegre,Sin clasificación oficial,3,32000,32 mil,
Huila,Colombia,Sin clasificación oficial,1,8000,8 mil,
Huila,El Pital,Sin clasificación oficial,2,15000,15 mil,
Huila,Elías,Sin clasificación oficial,4,5000,5 mil,
Huila,Garzón,Sin clasificación oficial,5,77000,77 mil,
Huila,Gigante,Sin clasificación oficial,1,23000,23 mil,
Huila,Hobo,Sin clasificación oficial,1,8000,8 mil,
Huila,La Plata,Sin clasificación oficial,5,70000,70 mil,
Huila,Neiva,Sin clasificación oficial,12,408000,408 mil,
Huila,Paicol,Sin clasificación oficial,1,8000,8 mil,
Huila,Palermo,Sin clasificación oficial,3,27000,27 mil,
Huila,Pitalito,Sin clasificación oficial,1,146000,146 mil,
Huila,Rivera,Sin clasificación oficial,2,30000,30 mil,
Huila,Santa María,Sin clasificación oficial,2,11000,11 mil,
Huila,Tello,Sin clasificación oficial,8,13000,13 mil,
Huila,Teruel,Sin clasificación oficial,1,8000,8 mil,
Huila,Timaná,Sin clasificación oficial,2,24000,24 mil,
Huila,Villavieja,Sin clasificación oficial,4,7000,7 mil,
Huila,Íquira,Sin clasificación oficial,2,10000,10 mil,
La Guajira,Riohacha,Sin clasificación oficial,2,212000,212 mil,
Magdalena,Santa Marta,Sin clasificación oficial,3,589000,589 mil,
Meta,Acacías,Sin clasificación oficial,1,106000,106 mil,
Meta,Granada,Sin clasificación oficial,1,75000,75 mil,
Meta,Villavicencio,Sin clasificación oficial,4,589000,589 mil,
Nariño,Barbacoas,Sin clasificación oficial,1,65000,65 mil,
Nariño,Chachagüí,Sin clasificación oficial,3,17000,17 mil,
Nariño,Consacá,Sin clasificación oficial,1,16000,16 mil,
Nariño,Cuaspud,Sin clasificación oficial,1,10000,10 mil,
Nariño,Córdoba,Sin clasificación oficial,1,17000,17 mil,Nombrado entre los doce «municipios afectados» del Boletín Sismo N.º 04 de la Gobernación de Nariño.
Nariño,El Peñol,Sin clasificación oficial,1,8000,8 mil,
Nariño,Francisco Pizarro,Sin clasificación oficial,1,16000,16 mil,
Nariño,Funes,Sin clasificación oficial,1,7000,7 mil,
Nariño,Ipiales,Sin clasificación oficial,9,123000,123 mil,
Nariño,La Cruz,Sin clasificación oficial,2,20000,20 mil,
Nariño,Los Andes,Sin clasificación oficial,1,10000,10 mil,
Nariño,Mosquera,Sin clasificación oficial,1,12000,12 mil,
Nariño,Pasto,Sin clasificación oficial,18,405000,405 mil,
Nariño,Ricaurte,Sin clasificación oficial,1,24000,24 mil,
Nariño,Samaniego,Sin clasificación oficial,1,29000,29 mil,
Nariño,Sandoná,Sin clasificación oficial,1,21000,21 mil,
Nariño,Tumaco,Sin clasificación oficial,3,277000,277 mil,
Norte de Santander,Chinácota,Sin clasificación oficial,1,21000,21 mil,
Norte de Santander,Cúcuta,Sin clasificación oficial,7,792000,792 mil,
Norte de Santander,El Tarra,Sin clasificación oficial,0,29000,29 mil,
Norte de Santander,Los Patios,Sin clasificación oficial,0,105000,105 mil,
Norte de Santander,Lourdes,Sin clasificación oficial,1,5000,5 mil,
Norte de Santander,Pamplona,Sin clasificación oficial,0,52000,52 mil,
Norte de Santander,Silos,Sin clasificación oficial,2,7000,7 mil,
Putumayo,Mocoa,Sin clasificación oficial,1,68000,68 mil,
Quindío,Armenia,Afectación alta,120,307000,307 mil,Daños y afectaciones de infraestructura; aeropuerto cerrado para inspección.
Quindío,Buenavista,Sin clasificación oficial,4,3000,3 mil,
Quindío,Calarcá,Sin clasificación oficial,26,74000,74 mil,
Quindío,Circasia,Sin clasificación oficial,22,29000,29 mil,
Quindío,Córdoba,Sin clasificación oficial,4,6000,6 mil,
Quindío,Filandia,Sin clasificación oficial,8,12000,12 mil,
Quindío,Génova,Sin clasificación oficial,7,8000,8 mil,
Quindío,La Tebaida,Sin clasificación oficial,11,34000,34 mil,
Quindío,Montenegro,Sin clasificación oficial,44,37000,37 mil,
Quindío,Pijao,Sin clasificación oficial,4,5000,5 mil,
Quindío,Quimbaya,Sin clasificación oficial,36,31000,31 mil,
Quindío,Salento,Sin clasificación oficial,10,10000,10 mil,
Risaralda,Apía,Sin clasificación oficial,1,13000,13 mil,
Risaralda,Balboa,Sin clasificación oficial,11,7000,7 mil,Declarado afectado en el reparto municipal del EDAN de viviendas de la UNGRD.
Risaralda,Belén de Umbría,Afectación alta,8,25000,25 mil,487 viviendas afectadas; 116 con recomendación preliminar de desalojo total; daños en infraestructura crítica.
Risaralda,Dosquebradas,Afectación alta,66,246000,246 mil,Afectaciones en infraestructura y red hospitalaria.
Risaralda,Guática,Sin clasificación oficial,3,12000,12 mil,
Risaralda,La Celia,Afectación alta,1,8000,8 mil,Víctimas mortales y daños importantes.
Risaralda,La Virginia,Sin clasificación oficial,13,28000,28 mil,
Risaralda,Marsella,Sin clasificación oficial,4,17000,17 mil,
Risaralda,Mistrató,Sin clasificación oficial,0,19000,19 mil,
Risaralda,Pereira,Afectación crítica,245,488000,488 mil,"Numerosos colapsos estructurales; fallecidos; daños en viviendas, hospitales y aeropuerto Matecaña."
Risaralda,Pueblo Rico,Sin clasificación oficial,2,19000,19 mil,
Risaralda,Quinchía,Sin clasificación oficial,2,28000,28 mil,
Risaralda,Santa Rosa de Cabal,Sin clasificación oficial,18,84000,84 mil,
Risaralda,Santuario,Afectación alta,1,13000,13 mil,Víctimas mortales y afectaciones estructurales.
Santander,Barrancabermeja,Sin clasificación oficial,15,231000,231 mil,
Santander,Bucaramanga,Sin clasificación oficial,14,619000,619 mil,
Santander,Confines,Sin clasificación oficial,1,4000,4 mil,
Santander,Coromoro,Sin clasificación oficial,1,6000,6 mil,
Santander,Floridablanca,Sin clasificación oficial,2,315000,315 mil,
Sucre,Coveñas,Sin clasificación oficial,1,22000,22 mil,
Sucre,Sincelejo,Sin clasificación oficial,4,331000,331 mil,
Tolima,Alpujarra,Sin clasificación oficial,0,5000,5 mil,
Tolima,Alvarado,Sin clasificación oficial,1,9000,9 mil,
Tolima,Anzoátegui,Sin clasificación oficial,0,11000,11 mil,
Tolima,Armero Guayabal,Sin clasificación oficial,1,13000,13 mil,
Tolima,Ataco,Sin clasificación oficial,1,21000,21 mil,
Tolima,Cajamarca,Sin clasificación oficial,7,19000,19 mil,
Tolima,Casabianca,Sin clasificación oficial,1,7000,7 mil,
Tolima,Chaparral,Sin clasificación oficial,4,53000,53 mil,
Tolima,Coello,Sin clasificación oficial,2,9000,9 mil,
Tolima,Cunday,Sin clasificación oficial,1,9000,9 mil,
Tolima,Dolores,Sin clasificación oficial,3,9000,9 mil,
Tolima,Espinal,Sin clasificación oficial,3,72000,72 mil,
Tolima,Falan,Sin clasificación oficial,1,8000,8 mil,
Tolima,Flandes,Sin clasificación oficial,1,29000,29 mil,
Tolima,Fresno,Sin clasificación oficial,4,32000,32 mil,
Tolima,Herveo,Sin clasificación oficial,5,8000,8 mil,
Tolima,Honda,Sin clasificación oficial,4,25000,25 mil,
Tolima,Ibagué,Sin clasificación oficial,43,557000,557 mil,
Tolima,Icononzo,Sin clasificación oficial,1,13000,13 mil,
Tolima,Lérida,Sin clasificación oficial,1,18000,18 mil,
Tolima,Líbano,Sin clasificación oficial,1,38000,38 mil,
Tolima,Mariquita,Sin clasificación oficial,1,41000,41 mil,
Tolima,Melgar,Sin clasificación oficial,2,40000,40 mil,
Tolima,Murillo,Sin clasificación oficial,1,4000,4 mil,
Tolima,Natagaima,Sin clasificación oficial,1,16000,16 mil,
Tolima,Ortega,Sin clasificación oficial,2,37000,37 mil,
Tolima,Palocabildo,Sin clasificación oficial,4,10000,10 mil,
Tolima,Piedras,Sin clasificación oficial,1,8000,8 mil,
Tolima,Planadas,Sin clasificación oficial,3,27000,27 mil,
Tolima,Prado,Sin clasificación oficial,1,9000,9 mil,
Tolima,Purificación,Sin clasificación oficial,3,24000,24 mil,
Tolima,Rioblanco,Sin clasificación oficial,1,24000,24 mil,
Tolima,Roncesvalles,Sin clasificación oficial,13,6000,6 mil,
Tolima,Rovira,Sin clasificación oficial,1,22000,22 mil,
Tolima,Saldaña,Sin clasificación oficial,0,15000,15 mil,
Tolima,San Antonio,Sin clasificación oficial,2,13000,13 mil,
Tolima,San Luis,Sin clasificación oficial,5,14000,14 mil,
Tolima,Santa Isabel,Sin clasificación oficial,1,6000,6 mil,
Tolima,Suárez,Sin clasificación oficial,1,4000,4 mil,Nombrado entre los municipios que quedaron sin servicio de energía.
Tolima,Venadillo,Sin clasificación oficial,1,13000,13 mil,
Tolima,Villahermosa,Sin clasificación oficial,1,10000,10 mil,
Tolima,Villarrica,Sin clasificación oficial,1,5000,5 mil,
Valle del Cauca,Alcalá,Sin clasificación oficial,5,14000,14 mil,
Valle del Cauca,Andalucía,Sin clasificación oficial,5,25000,25 mil,
Valle del Cauca,Ansermanuevo,Sin clasificación oficial,6,18000,18 mil,
Valle del Cauca,Argelia,Sin clasificación oficial,7,6000,6 mil,
Valle del Cauca,Bolívar,Sin clasificación oficial,9,16000,16 mil,
Valle del Cauca,Buenaventura,Afectación muy alta,124,335000,335 mil,Fallecidos; daños importantes; afectación del muelle de Juanchaco y puentes.
Valle del Cauca,Buga,Afectación alta,40,132000,132 mil,Tres fallecidos y afectaciones estructurales.
Valle del Cauca,Bugalagrande,Sin clasificación oficial,7,26000,26 mil,
Valle del Cauca,Caicedonia,Sin clasificación oficial,6,30000,30 mil,
Valle del Cauca,Cali,Afectación crítica,420,2300000,"2,3 millones",Múltiples estructuras colapsadas; hospital Universitario con colapso parcial; personas atrapadas; fallecidos y cientos de heridos.
Valle del Cauca,Calima-El Darién,Afectación crítica,14,19000,19 mil,Colapso de pared con tres menores fallecidos; daños importantes en infraestructura.
Valle del Cauca,Candelaria,Sin clasificación oficial,2,116000,116 mil,
Valle del Cauca,Cartago,Afectación alta,29,144000,144 mil,Hospital evacuado y aeropuerto afectado; daños de infraestructura.
Valle del Cauca,Dagua,Sin clasificación oficial,12,60000,60 mil,
Valle del Cauca,El Cairo,Afectación muy alta,23,7000,7 mil,Afectación masiva del municipio; daños graves y hospital colapsado.
Valle del Cauca,El Cerrito,Sin clasificación oficial,6,56000,56 mil,
Valle del Cauca,El Dovio,Sin clasificación oficial,3,9000,9 mil,
Valle del Cauca,El Águila,Afectación alta,15,9000,9 mil,Hospital afectado y necesidad de evacuación/atención de infraestructura.
Valle del Cauca,Florida,Afectación alta,4,57000,57 mil,Un fallecido y daños reportados.
Valle del Cauca,Ginebra,Sin clasificación oficial,2,25000,25 mil,
Valle del Cauca,Jamundí,Sin clasificación oficial,5,197000,197 mil,
Valle del Cauca,La Cumbre,Sin clasificación oficial,6,19000,19 mil,
Valle del Cauca,La Unión,Afectación alta,14,35000,35 mil,Un fallecido y afectaciones.
Valle del Cauca,La Victoria,Sin clasificación oficial,12,13000,13 mil,
Valle del Cauca,Obando,Sin clasificación oficial,1,13000,13 mil,
Valle del Cauca,Palmira,Sin clasificación oficial,26,383000,383 mil,
Valle del Cauca,Pradera,Sin clasificación oficial,3,50000,50 mil,
Valle del Cauca,Restrepo,Sin clasificación oficial,3,16000,16 mil,
Valle del Cauca,Riofrío,Afectación media-alta,5,16000,16 mil,Afectaciones de infraestructura reportadas.
Valle del Cauca,Roldanillo,Afectación alta,34,39000,39 mil,Tres fallecidos y daños estructurales.
Valle del Cauca,San Pedro,Sin clasificación oficial,1,17000,17 mil,
Valle del Cauca,Sevilla,Afectación muy alta,17,44000,44 mil,Cinco fallecidos reportados y daños materiales importantes.
Valle del Cauca,Toro,Sin clasificación oficial,2,15000,15 mil,
Valle del Cauca,Trujillo,Sin clasificación oficial,2,20000,20 mil,
Valle del Cauca,Tuluá,Sin clasificación oficial,31,226000,226 mil,
Valle del Cauca,Ulloa,Sin clasificación oficial,3,6000,6 mil,
Valle del Cauca,Versalles,Sin clasificación oficial,45,7000,7 mil,
Valle del Cauca,Vijes,Sin clasificación oficial,5,14000,14 mil,
Valle del Cauca,Yotoco,Sin clasificación oficial,5,17000,17 mil,
Valle del Cauca,Yumbo,Afectación alta,18,116000,116 mil,"Tres fallecidos, incluido un menor, además de daños."
Valle del Cauca,Zarzal,Afectación muy alta,11,44000,44 mil,"Fallecidos, numerosos heridos y hospital municipal colapsado/saturado."
