Código DANE;Sede;Severidad;Estado físico;Matrícula total;Aporte % ETC;Sector;Zona;Primera infancia;Primaria;Secundaria;Media;Adultos;Municipio;Docentes;Directivos docentes;Secretaría;Departamento;En Decreto 1171 de 2026;Organizaciones aliadas
127001003453;SEDE ANEXA AL CARRASQUILLA INDUSTRIAL;3;Crítico;2975;8.0992;OFICIAL;URBANA;196;1497;1282;0;0;Quibdó;51;;Quibdó;Chocó;SI;Natura Cosmeticos Ltda.
327001000241;IE NORMAL SUPERIOR MANUEL CAÑIZALEZ;3;Crítico;2119;5.7688;OFICIAL;URBANA;162;840;772;262;83;Quibdó;86;5;Quibdó;Chocó;SI;
127001004107;IE MIA ROGERIO VELASQUEZ MURILLO;3;Crítico;1671;4.5492;OFICIAL;URBANA;79;589;676;170;157;Quibdó;87;5;Quibdó;Chocó;SI;
127001003127;IE ANTONIO MARIA CLARET;2;Moderado;1652;4.4974;OFICIAL;URBANA;111;572;706;263;0;Quibdó;77;5;Quibdó;Chocó;SI;Natura Cosmeticos Ltda.
227615800095;IE BELEN DE BAJIRA - SEDE PRINCIPAL;2;Moderado;1579;1.3865;OFICIAL;RURAL;159;651;575;157;37;Nuevo Belén de Bajirá;55;4;Choco;Chocó;SI;Colombia Evidencia Potencial en Educación
127001000853;INSTITUCION EDUCATIVA GIMNASIO DE QUIBDO;3;Crítico;1476;4.0183;OFICIAL;URBANA;0;662;608;206;0;Quibdó;56;4;Quibdó;Chocó;SI;Natura Cosmeticos Ltda.
127001000225;IE FEMENINA DE ENSEÑANZA MEDIA;3;Crítico;1294;3.5228;OFICIAL;URBANA;0;0;843;377;74;Quibdó;62;5;Quibdó;Chocó;SI;Natura Cosmeticos Ltda.
327001001000;IE SANTO DOMINGO SAVIO;3;Crítico;1286;3.501;OFICIAL;URBANA;45;255;622;241;123;Quibdó;56;4;Quibdó;Chocó;SI;Fundación Carvajal | Fundación Terpel
127001018001;IE DIOCESANO PEDRO GRAU Y AROLA;3;Crítico;1256;3.4194;OFICIAL;URBANA;0;0;921;268;67;Quibdó;60;6;Quibdó;Chocó;SI;Natura Cosmeticos Ltda.
127361000137;IE INSTITUTO INTEGRADO SAN PABLO INDUSTRIAL - SEDE PRINCIPAL;2;Moderado;1099;0.965;OFICIAL;URBANA;0;0;823;276;0;Istmina;56;4;Choco;Chocó;SI;CORPORACIÓN CENTRO DE INNOVACIÓN DEL PACÍFICO | Colombia Evidencia Potencial en Educación
127001000420;SEDE ANEXA AL IE FEMENINA DE ENSEÑANZA MEDIA;3;Crítico;1094;2.9783;OFICIAL;URBANA;145;949;0;0;0;Quibdó;36;;Quibdó;Chocó;SI;
227073000241;IE INDÍGENA LUIS ENRIQUE ARCE DE AGUASAL - SEDE PRINCIPAL;3;Crítico;1071;0.9404;OFICIAL;RURAL;43;216;559;253;0;Bagadó;14;;Choco;Chocó;SI;
227077000369;IE NUESTRA SEÑORA DEL CARMEN- PUERTO MELUK - SEDE PRINCIPAL;2;Moderado;1014;0.8904;OFICIAL;URBANA;54;365;382;180;33;Medio Baudó;39;3;Choco;Chocó;SI;
127001000446;I.E. NORMAL SUPERIOR DE QUIBDO - SEDE PRINCIPAL;2;Moderado;977;2.6598;OFICIAL;URBANA;0;0;668;241;68;Quibdó;67;6;Quibdó;Chocó;SI;
127361002377;SEDE ANEXA NORMAL SAN PIO X;2;Moderado;834;0.7323;OFICIAL;URBANA;86;748;0;0;0;Istmina;27;;Choco;Chocó;SI;
127361000129;IE NORMAL SUP NTRA SRA DE LAS MERCEDES - SEDE PRINCIPAL;2;Moderado;809;0.7104;OFICIAL;URBANA;0;0;526;205;78;Istmina;54;4;Choco;Chocó;SI;
227001001145;IE MIA JORGE VALENCIA LOZANO;3;Crítico;807;2.197;OFICIAL;URBANA;68;448;232;59;0;Quibdó;38;2;Quibdó;Chocó;SI;Fundación Carvajal
227787001119;IE SAN JOAQUIN - SEDE PRINCIPAL;3;Crítico;799;0.7016;OFICIAL;URBANA;58;305;255;93;88;Unión Panamericana;43;3;Choco;Chocó;SI;
327361000187;IE NORMAL SUP SAN PIO X - SEDE PRINCIPAL;1;Bajo;768;0.6744;OFICIAL;URBANA;74;0;458;173;63;Istmina;37;4;Choco;Chocó;SI;
227001001684;IE MIGUEL ANTONIO CAICEDO MENA - OBAPO;2;Moderado;739;2.0119;OFICIAL;URBANA;53;324;253;53;56;Quibdó;52;4;Quibdó;Chocó;SI;
227615000048;IE PRIMITIVO PALACIOS - SEDE PRINCIPAL;1;Bajo;733;0.6436;OFICIAL;RURAL;52;186;394;89;12;Carmen del Darién;36;2;Choco;Chocó;SI;
127001018054;SEDE BRISAS DEL POBLADO;2;Moderado;727;1.9792;OFICIAL;URBANA;45;304;244;79;55;Quibdó;14;;Quibdó;Chocó;SI;
127615000027;IE ANTONIO RICAURTE - SEDE PRINCIPAL;2;Moderado;719;0.6313;OFICIAL;URBANA;21;133;354;109;102;Riosucio;37;2;Choco;Chocó;SI;Fundación Nutresa
127001004158;IE ISAAC RODRIGUEZ MARTINEZ;3;Crítico;718;1.9547;OFICIAL;URBANA;67;297;250;83;21;Quibdó;49;3;Quibdó;Chocó;SI;
127001003534;IE JOSE DEL CARMEN CUESTA RENTERIA;2;Moderado;667;1.8159;OFICIAL;URBANA;0;0;491;136;40;Quibdó;40;4;Quibdó;Chocó;SI;Fundación Carvajal
327205000789;IE TECNICO COMERCIAL - SEDE PRINCIPAL;1;Bajo;658;0.5778;OFICIAL;URBANA;28;237;249;91;53;Condoto;46;3;Choco;Chocó;SI;
127001000411;IE ARMANDO LUNA ROA - SEDE PRINCIPAL;2;Moderado;625;1.7015;OFICIAL;URBANA;0;0;450;110;65;Quibdó;32;3;Quibdó;Chocó;SI;Fundación Carvajal
227001018200;IE TECNICA ANTONIO RICAURTE;2;Moderado;610;1.6607;OFICIAL;URBANA;44;0;454;112;0;Quibdó;32;4;Quibdó;Chocó;SI;
127787000029;IE NORMAL SUPERIOR DEMETRIO SALAZAR CASTILLO - SEDE PRINCIPAL;2;Moderado;608;0.5339;OFICIAL;URBANA;0;0;422;148;38;Tadó;46;3;Choco;Chocó;SI;Fundación Carvajal
327413000024;IE ATRATO DE LLORO - SEDE PRINCIPAL;2;Moderado;606;0.5321;OFICIAL;URBANA;0;0;422;113;71;Lloró;36;3;Choco;Chocó;SI;
127615000035;IE LA PRESENTACION - SEDE PRINCIPAL;2;Moderado;563;0.4944;OFICIAL;URBANA;36;213;194;88;32;Riosucio;29;2;Choco;Chocó;SI;
227001001692;SEDE PUENTE DE CABI;1;Bajo;563;1.5327;OFICIAL;URBANA;64;481;0;0;18;Quibdó;22;;Quibdó;Chocó;SI;
127001017926;SEDE LUIS GONZALO PEREA VILLA ESPAÑA;3;Crítico;556;1.5137;OFICIAL;URBANA;29;259;208;58;2;Quibdó;9;;Quibdó;Chocó;SI;Natura Cosmeticos Ltda.
127001000268;SEDE ANEXA ANTONIO MARIA CLARET;3;Crítico;551;1.5001;OFICIAL;URBANA;90;461;0;0;0;Quibdó;20;;Quibdó;Chocó;SI;Natura Cosmeticos Ltda.
127001000837;SEDE ANEXA A LA NORMAL SUPERIOR DE QUIBDO;3;Crítico;542;1.4756;OFICIAL;URBANA;97;445;0;0;0;Quibdó;19;;Quibdó;Chocó;SI;
127001000233;I.E. TECNICA INTEGRADO CARRASQUILLA INDUSTRIAL - SEDE PRINCIPAL;3;Crítico;536;1.4592;OFICIAL;URBANA;0;0;0;456;80;Quibdó;83;6;Quibdó;Chocó;SI;CORPORACIÓN CENTRO DE INNOVACIÓN DEL PACÍFICO | Fundación Bancolombia | Natura Cosmeticos Ltda.
327245000030;IE CORAZON DE MARIA - SEDE PRINCIPAL;2;Moderado;534;0.4689;OFICIAL;URBANA;34;245;206;49;0;El Carmen de Atrato;28;2;Choco;Chocó;SI;
127006000134;SEDE DIEGO LUIS CORDOBA;2;Moderado;533;0.468;OFICIAL;URBANA;190;343;0;0;0;Acandí;12;;Choco;Chocó;SI;
127787000169;SEDE ANEXA FRANCISCO MIRANDA;2;Moderado;532;0.4671;OFICIAL;URBANA;90;442;0;0;0;Tadó;19;;Choco;Chocó;SI;
227001000335;IE NUESTRA SEÑORA DE LAS MERCEDES - SEDE PRINCIPAL;2;Moderado;524;0.4601;OFICIAL;RURAL;23;148;254;83;16;Río Quito;44;3;Choco;Chocó;SI;
127001004140;SEDE PARQUE DE LA GLORIA;2;Moderado;519;1.4129;OFICIAL;URBANA;71;445;0;0;3;Quibdó;23;;Quibdó;Chocó;SI;Natura Cosmeticos Ltda.
127800000238;IE DE UNGUIA - SEDE PRINCIPAL;2;Moderado;514;0.4513;OFICIAL;URBANA;0;0;411;103;0;Unguía;28;3;Choco;Chocó;SI;
127001000012;SEDE NICOLAS ROJAS;2;Moderado;491;1.3367;OFICIAL;URBANA;96;370;0;0;25;Quibdó;18;;Quibdó;Chocó;SI;
127077000089;IE FRANCISCO PIZARRO - SEDE PRINCIPAL;2;Moderado;490;0.4303;OFICIAL;URBANA;0;12;302;88;88;Bajo Baudó;31;4;Choco;Chocó;SI;
127001001621;IE MANUEL AGUSTIN SANTACOLOMA VILLA;3;Crítico;478;1.3013;OFICIAL;URBANA;9;93;307;69;0;Quibdó;44;2;Quibdó;Chocó;SI;
127001017896;IE ADVENTISTA DE QUIBDO BOLIVAR ESCANDON;1;Bajo;470;1.2795;NO OFICIAL;URBANA;1;170;233;66;0;Quibdó;;;Quibdó;Chocó;SI;
227001003237;IE BERNARDINO BECERRA RODRIGUEZ - SEDE PRINCIPAL;2;Moderado;453;0.3978;OFICIAL;URBANA;38;203;164;47;1;Río Quito;28;1;Choco;Chocó;SI;
127615001902;IE NUESTROS ESFUERZOS - SEDE PRINCIPAL;2;Moderado;446;0.3916;OFICIAL;URBANA;21;197;150;59;19;Riosucio;25;2;Choco;Chocó;SI;Fundación Carvajal
327361002538;IE SAN RAFAEL EL DOS - SEDE PRINCIPAL;3;Crítico;444;0.3899;OFICIAL;RURAL;24;169;162;41;48;Unión Panamericana;29;2;Choco;Chocó;SI;Fundación Carvajal
227615001290;IE HERACLIO LARA ARROYO - SEDE PRINCIPAL;1;Bajo;436;0.3828;OFICIAL;URBANA;24;199;150;63;0;Carmen del Darién;23;3;Choco;Chocó;SI;
127615000043;IE SAULO SANCHEZ CORDOBA - SEDE PRINCIPAL;1;Bajo;423;0.3714;OFICIAL;URBANA;0;0;266;65;92;Riosucio;15;2;Choco;Chocó;SI;TRASO
327001000631;CENT EDUC CATALINA;1;Bajo;419;1.1407;NO OFICIAL;URBANA;97;322;0;0;0;Quibdó;;;Quibdó;Chocó;SI;
327491000111;IE CARLOS HOLGUIN MALLARINO - SEDE PRINCIPAL;2;Moderado;394;0.346;OFICIAL;URBANA;0;0;280;79;35;Nóvita;28;2;Choco;Chocó;SI;
127787000886;SEDE SAN PEDRO;2;Moderado;391;0.3433;OFICIAL;URBANA;60;331;0;0;0;Tadó;16;;Choco;Chocó;SI;
227361000409;SEDE MANAGRU;2;Moderado;374;0.3284;OFICIAL;URBANA;49;325;0;0;0;El Cantón del San Pablo;15;;Choco;Chocó;SI;
127245000057;IE MARCO FIDEL SUAREZ - SEDE PRINCIPAL;1;Bajo;370;0.3249;OFICIAL;RURAL;0;0;269;101;0;El Carmen de Atrato;25;2;Choco;Chocó;SI;Fundación Carvajal
127135000019;IE JOSE MANUEL PALACIOS PALACIOS - SEDE PRINCIPAL;2;Moderado;363;0.3187;OFICIAL;URBANA;0;0;281;71;11;El Cantón del San Pablo;28;2;Choco;Chocó;SI;
227001000475;IE DE SAMURINDO - SEDE PRINCIPAL;3;Crítico;356;0.3126;OFICIAL;RURAL;19;111;151;56;19;Atrato;35;2;Choco;Chocó;SI;
227075000213;IE NORMAL SUPERIOR SANTA TERESITA - SEDE PRINCIPAL;2;Moderado;356;0.3126;OFICIAL;RURAL;18;0;186;85;67;Bahía Solano;25;3;Choco;Chocó;SI;
127001001892;SEDE MELVIN JHONS;3;Crítico;352;0.9583;OFICIAL;URBANA;34;316;0;0;2;Quibdó;14;;Quibdó;Chocó;SI;Natura Cosmeticos Ltda.
427361000068;IE FRANCISCO EUTIMIO MUNERA - SEDE PRINCIPAL;3;Crítico;351;0.3082;OFICIAL;URBANA;19;125;127;60;20;Medio San Juan;25;2;Choco;Chocó;SI;Cámara de Comercio De Armenia Y El Quindío
227615800079;IE BLANQUICET - SEDE PRINCIPAL;3;Crítico;347;0.3047;OFICIAL;RURAL;30;108;119;47;43;Nuevo Belén de Bajirá;20;1;Choco;Chocó;SI;
127073000041;IE NUESTRA SEÑORA DE LA CANDELARIA - SEDE PRINCIPAL;3;Crítico;346;0.3038;OFICIAL;URBANA;18;140;122;66;0;Bagadó;26;2;Choco;Chocó;SI;
127001001256;IE SANTO DOMINGO DE GUZMAN;2;Moderado;331;0.9011;OFICIAL;URBANA;20;62;193;56;0;Quibdó;29;3;Quibdó;Chocó;SI;Fundación Carvajal
127001000004;SEDE MARIA BERCHMANS;1;Bajo;327;0.8902;OFICIAL;URBANA;67;242;0;0;18;Quibdó;14;;Quibdó;Chocó;SI;
227205000954;IE JESUS ANTONIO RIVAS - SEDE PRINCIPAL;2;Moderado;322;0.2827;OFICIAL;URBANA;0;0;235;87;0;Río Iró;24;3;Choco;Chocó;SI;
227615060750;IE CARACOLI ALTO - SEDE PRINCIPAL;1;Bajo;322;0.2827;OFICIAL;RURAL;0;25;218;79;0;Riosucio;12;1;Choco;Chocó;SI;
227615001222;SEDE LLANO RICO;2;Moderado;320;0.281;OFICIAL;RURAL;45;151;102;22;0;Nuevo Belén de Bajirá;18;;Choco;Chocó;SI;
127413000068;SEDE JULIO FIGUEROA VILLA;2;Moderado;308;0.2704;OFICIAL;URBANA;37;271;0;0;0;Lloró;13;;Choco;Chocó;SI;
227001000513;IE ANTONIO ABAD HINESTROZA - SEDE PRINCIPAL;2;Moderado;287;0.252;OFICIAL;URBANA;0;0;211;67;9;Atrato;36;3;Choco;Chocó;SI;
227615001664;SEDE LAS AMERICAS;2;Moderado;276;0.2423;OFICIAL;URBANA;29;247;0;0;0;Riosucio;13;;Choco;Chocó;SI;
227413000623;SEDE LLORO;2;Moderado;276;0.2423;OFICIAL;URBANA;67;209;0;0;0;Lloró;7;;Choco;Chocó;SI;
127001000861;SEDE TOMAS PEREZ;2;Moderado;269;0.7323;OFICIAL;URBANA;40;205;0;0;24;Quibdó;10;;Quibdó;Chocó;SI;
127001000250;SEDE LISANDRO MOSQUERA;2;Moderado;257;0.6997;OFICIAL;URBANA;75;182;0;0;0;Quibdó;11;;Quibdó;Chocó;SI;Claro Colombia
227075000604;SEDE SANTA TERESITA;1;Bajo;256;0.2248;OFICIAL;RURAL;40;198;0;0;18;Bahía Solano;11;;Choco;Chocó;SI;
127073000017;IE CORAZON DE MARIA - SEDE PRINCIPAL;2;Moderado;253;0.2222;OFICIAL;URBANA;11;85;100;55;2;Bagadó;20;1;Choco;Chocó;SI;
227615000714;IE CUCHILLO BLANCO - SEDE PRINCIPAL;2;Moderado;251;0.2204;OFICIAL;RURAL;22;91;68;22;48;Nuevo Belén de Bajirá;16;1;Choco;Chocó;SI;
227205000342;SEDE SANTA RITA;2;Moderado;245;0.2151;OFICIAL;URBANA;14;231;0;0;0;Río Iró;5;;Choco;Chocó;SI;
227001001871;IE AGROPECUARIA CRISTO REY DE TUTUNENDO - SEDE PRINCIPAL;3;Crítico;244;0.6643;OFICIAL;RURAL;0;0;197;47;0;Quibdó;20;2;Quibdó;Chocó;SI;
227615001478;SEDE EL DIEZ;1;Bajo;239;0.2099;OFICIAL;RURAL;28;139;72;0;0;Riosucio;4;;Choco;Chocó;SI;
127077000372;SEDE ZOILA EMILIA GARCES;2;Moderado;238;0.209;OFICIAL;URBANA;19;219;0;0;0;Bajo Baudó;12;;Choco;Chocó;SI;
127006000509;SEDE LOS LIBERTADORES;2;Moderado;238;0.209;OFICIAL;URBANA;27;211;0;0;0;Acandí;10;;Choco;Chocó;SI;
127001003143;SEDE BARRIO OBRERO;2;Moderado;235;0.6398;OFICIAL;URBANA;37;198;0;0;0;Quibdó;13;;Quibdó;Chocó;SI;
227615800044;IE NUEVO ORIENTE - SEDE PRINCIPAL;3;Crítico;231;0.2028;OFICIAL;RURAL;12;71;81;29;38;Nuevo Belén de Bajirá;14;1;Choco;Chocó;SI;
227745000198;IE UNION CHARCO LARGO - SEDE PRINCIPAL;3;Crítico;230;0.202;OFICIAL;RURAL;17;110;78;25;0;Sipí;13;1;Choco;Chocó;SI;
227075000060;IE INMACULADO CORAZON DE MARIA - SEDE PRINCIPAL;2;Moderado;229;0.2011;OFICIAL;RURAL;17;98;79;35;0;Bahía Solano;18;1;Choco;Chocó;SI;
227075000043;IE DEL VALLE - SEDE PRINCIPAL;1;Bajo;217;0.1905;OFICIAL;RURAL;22;103;75;17;0;Bahía Solano;17;1;Choco;Chocó;SI;
127001800206;CEI SAMPER;3;Crítico;213;0.5799;OFICIAL;URBANA;213;0;0;0;0;Quibdó;14;;Quibdó;Chocó;SI;
227135002580;IE PUERTO PERVEL - SEDE PRINCIPAL;2;Moderado;210;0.1844;OFICIAL;RURAL;0;0;141;43;26;El Cantón del San Pablo;13;1;Choco;Chocó;SI;
127001003151;SEDE NIÑO JESUS;2;Moderado;197;0.5363;OFICIAL;URBANA;20;152;0;0;25;Quibdó;8;;Quibdó;Chocó;SI;Directv
227615001061;SEDE LAS CAMELIAS;2;Moderado;184;0.1616;OFICIAL;RURAL;38;137;0;0;9;Carmen del Darién;7;;Choco;Chocó;SI;
227073000411;IE SAN ISIDRO - SEDE PRINCIPAL;2;Moderado;181;0.1589;OFICIAL;RURAL;12;78;78;13;0;Bagadó;16;2;Choco;Chocó;SI;
127001004131;SEDE BARRIO SAMPER;3;Crítico;176;0.4791;OFICIAL;URBANA;41;129;0;0;6;Quibdó;14;;Quibdó;Chocó;SI;Natura Cosmeticos Ltda.
127001000039;SEDE LOS ANGELES;3;Crítico;176;0.4791;OFICIAL;URBANA;26;150;0;0;0;Quibdó;7;;Quibdó;Chocó;SI;Natura Cosmeticos Ltda.
127001000047;SEDE ALAMEDA REYES;2;Moderado;176;0.4791;OFICIAL;URBANA;17;159;0;0;0;Quibdó;11;;Quibdó;Chocó;SI;
427800000461;IE ALCIDES FERNANDEZ - SEDE PRINCIPAL;2;Moderado;175;0.1537;OFICIAL;RURAL;0;0;144;31;0;Unguía;14;2;Choco;Chocó;SI;
127001004115;SEDE EL PARAISO;1;Bajo;170;0.4628;OFICIAL;URBANA;26;120;0;0;24;Quibdó;11;;Quibdó;Chocó;SI;
227787000031;IE TECNICO AGROAMBIENTAL - SEDE PRINCIPAL;1;Bajo;166;0.1458;OFICIAL;URBANA;0;0;119;47;0;Tadó;18;1;Choco;Chocó;SI;
227077001900;SEDE NUESTRA SEÑORA LA POBREZA;3;Crítico;156;0.137;OFICIAL;RURAL;14;142;0;0;0;Medio Baudó;11;;Choco;Chocó;SI;
227001001188;SEDE POLICARPA SALAVARRIETA;2;Moderado;154;0.4193;OFICIAL;RURAL;37;117;0;0;0;Quibdó;11;;Quibdó;Chocó;SI;
127001018086;SEDE JULIO IBARGUEN MOSQUERA;2;Moderado;149;0.4056;OFICIAL;URBANA;18;131;0;0;0;Quibdó;6;;Quibdó;Chocó;SI;
227615001079;SEDE SIETE DE AGOSTO;1;Bajo;145;0.1273;OFICIAL;RURAL;26;119;0;0;0;Riosucio;5;;Choco;Chocó;SI;
127001017527;SEDE SAN JUDAS TADEO;2;Moderado;144;0.392;OFICIAL;URBANA;11;116;0;0;17;Quibdó;8;;Quibdó;Chocó;SI;
227361000166;IE MIGUEL ANGEL GUERRERO - SEDE PRINCIPAL;2;Moderado;144;0.1264;OFICIAL;RURAL;2;37;79;26;0;Istmina;20;1;Choco;Chocó;SI;
227001000564;IE BOCA DE BEBARA - SEDE PRINCIPAL;2;Moderado;143;0.1256;OFICIAL;RURAL;5;28;67;24;19;Medio Atrato;8;1;Choco;Chocó;SI;
227491000273;CE SAN ONOFRE - SEDE PRINCIPAL;2;Moderado;142;0.1247;OFICIAL;RURAL;10;34;46;9;43;Nóvita;9;2;Choco;Chocó;SI;
227025001341;IE MISAEL SOTO CORDOBA - SEDE PRINCIPAL;2;Moderado;139;0.1221;OFICIAL;RURAL;0;0;63;12;64;Alto Baudó;9;1;Choco;Chocó;SI;
127001017675;SEDE LA VICTORIA Nº2;2;Moderado;138;0.3757;OFICIAL;URBANA;9;129;0;0;0;Quibdó;11;;Quibdó;Chocó;SI;
227205000156;IE SANTA BARBARA - SEDE PRINCIPAL;2;Moderado;138;0.1212;OFICIAL;RURAL;9;42;64;23;0;Río Iró;16;1;Choco;Chocó;SI;
227077004992;IE HERNANDO PALACIOS - SEDE PRINCIPAL;2;Moderado;136;0.1194;OFICIAL;RURAL;0;0;83;53;0;Bajo Baudó;15;1;Choco;Chocó;SI;
227006000511;IE CHUGANDI - SEDE PRINCIPAL;2;Moderado;128;0.1124;OFICIAL;RURAL;7;38;58;25;0;Acandí;8;1;Choco;Chocó;SI;
127001002627;SEDE EL PORVENIR;1;Bajo;127;0.3457;OFICIAL;URBANA;23;90;0;0;14;Quibdó;8;;Quibdó;Chocó;SI;
127001001264;SEDE JARDIN INFANTIL DE QUIBDO;2;Moderado;126;0.343;OFICIAL;URBANA;126;0;0;0;0;Quibdó;4;;Quibdó;Chocó;SI;
227205000296;IE MANUEL MOSQUERA MORENO - SEDE PRINCIPAL;2;Moderado;123;0.108;OFICIAL;RURAL;2;0;78;33;10;Condoto;16;1;Choco;Chocó;SI;
227361000662;IE DE TARIDO - SEDE PRINCIPAL;2;Moderado;122;0.1071;OFICIAL;RURAL;10;49;50;13;0;El Cantón del San Pablo;18;1;Choco;Chocó;SI;
227150000313;SEDE BUENA VISTA CAÑO CLARO;2;Moderado;122;0.1071;OFICIAL;RURAL;16;90;0;0;16;Carmen del Darién;3;;Choco;Chocó;SI;
227077002078;IE FRANCISCO EUGENIO MOSQUERA - SEDE PRINCIPAL;3;Crítico;121;0.1062;OFICIAL;RURAL;0;0;94;26;1;Medio Baudó;14;2;Choco;Chocó;SI;
127077002103;SEDE MARIA ISABEL MOSQUERA;2;Moderado;121;0.1062;OFICIAL;URBANA;9;112;0;0;0;Bajo Baudó;8;;Choco;Chocó;SI;
227001000874;SEDE REPUBLICA DE PANAMA;3;Crítico;120;0.3267;OFICIAL;RURAL;0;60;0;0;60;Quibdó;3;;Quibdó;Chocó;SI;
127001800214;CEI CABI;2;Moderado;118;0.3212;OFICIAL;URBANA;118;0;0;0;0;Quibdó;8;;Quibdó;Chocó;SI;
127001017802;SEDE MIS ESFUERZOS;2;Moderado;116;0.3158;OFICIAL;URBANA;0;112;0;0;4;Quibdó;12;;Quibdó;Chocó;SI;
227800000321;SEDE INMACULADA CONCEPCION;2;Moderado;116;0.1019;OFICIAL;RURAL;9;68;32;7;0;Unguía;7;;Choco;Chocó;SI;
127001000799;SEDE MIRAFLORES;3;Crítico;115;0.3131;OFICIAL;URBANA;18;97;0;0;0;Quibdó;7;;Quibdó;Chocó;SI;
227615001206;SEDE LA ESPERANZA;1;Bajo;115;0.101;OFICIAL;RURAL;17;46;46;6;0;Carmen del Darién;4;;Choco;Chocó;SI;
227077000334;CE SIVIRU - SEDE PRINCIPAL;1;Bajo;112;0.0983;OFICIAL;RURAL;4;39;52;17;0;Bajo Baudó;10;1;Choco;Chocó;SI;
227615060741;SEDE BALSA;1;Bajo;112;0.0983;OFICIAL;RURAL;1;35;30;0;46;Riosucio;5;;Choco;Chocó;SI;
227077000849;IE NUESTRA SEÑORA DEL CARMEN - SEDE PRINCIPAL;3;Crítico;109;0.0957;OFICIAL;RURAL;3;36;46;24;0;Bajo Baudó;10;1;Choco;Chocó;SI;
127001004077;SEDE SAN VICENTE DE PAUL;2;Moderado;109;0.2967;OFICIAL;URBANA;22;87;0;0;0;Quibdó;7;;Quibdó;Chocó;SI;
227001017866;SEDE SAN FRANCISCO DEL CARAÑO;3;Crítico;107;0.2913;OFICIAL;URBANA;27;80;0;0;0;Quibdó;9;;Quibdó;Chocó;SI;
227001001234;SEDE DE TAGACHI;1;Bajo;105;0.2859;OFICIAL;RURAL;28;77;0;0;0;Quibdó;8;;Quibdó;Chocó;SI;
127001800222;CEI OBAPO;3;Crítico;103;0.2804;OFICIAL;URBANA;103;0;0;0;0;Quibdó;8;;Quibdó;Chocó;SI;
127001000675;SEDE FRANCISCO CORDOBA;1;Bajo;95;0.2586;OFICIAL;URBANA;11;84;0;0;0;Quibdó;5;;Quibdó;Chocó;SI;
227025000069;IE BELLAVISTA BERREBERRE - SEDE PRINCIPAL;3;Crítico;94;0.0825;OFICIAL;RURAL;5;19;29;6;35;Medio Baudó;7;1;Choco;Chocó;SI;
127001800231;CEI MIA JORGE VALENCIALOZANO;3;Crítico;94;0.2559;OFICIAL;URBANA;94;0;0;0;0;Quibdó;3;;Quibdó;Chocó;SI;
227361000727;IE DE PRIMAVERA - SEDE PRINCIPAL;3;Crítico;92;0.0808;OFICIAL;RURAL;2;22;48;20;0;Istmina;18;2;Choco;Chocó;SI;
127001017829;SEDE DIVINO NIÑO;1;Bajo;90;0.245;OFICIAL;URBANA;5;85;0;0;0;Quibdó;6;;Quibdó;Chocó;SI;
127001800249;CEI MI COCOROBÉ;3;Crítico;89;0.2423;OFICIAL;URBANA;89;0;0;0;0;Quibdó;;;Quibdó;Chocó;SI;
227001001722;SEDE LA MOLANA;3;Crítico;82;0.072;OFICIAL;RURAL;7;44;31;0;0;Atrato;4;;Choco;Chocó;SI;
227001003547;INSTITUCION EDUCATIVA AGROPECUARIA DE TAGACHI;2;Moderado;82;0.2232;OFICIAL;RURAL;0;0;65;17;0;Quibdó;10;1;Quibdó;Chocó;SI;
227077000130;CE SAN LORENZO DE ORPUA - SEDE PRINCIPAL;1;Bajo;79;0.0694;OFICIAL;RURAL;9;17;31;22;0;Bajo Baudó;7;1;Choco;Chocó;SI;
227361001863;SEDE BOCA DE SURUCO;2;Moderado;78;0.0685;OFICIAL;RURAL;6;57;15;0;0;Medio San Juan;6;1;Choco;Chocó;SI;
127615001147;SEDE LAS VILLA RUFINA;2;Moderado;78;0.0685;OFICIAL;RURAL;3;41;0;0;34;Riosucio;3;;Choco;Chocó;SI;
227025000361;IE HERMANO ANSELMO MOLANO - SEDE PRINCIPAL;2;Moderado;74;0.065;OFICIAL;RURAL;2;13;48;11;0;Alto Baudó;7;1;Choco;Chocó;SI;
127001000098;SEDE JOHN F KENNEDY;2;Moderado;70;0.1906;OFICIAL;URBANA;9;61;0;0;0;Quibdó;5;;Quibdó;Chocó;SI;
227099000206;SEDE POGUE;1;Bajo;70;0.0615;OFICIAL;RURAL;8;29;27;0;6;Bojayá;6;;Choco;Chocó;SI;
227001004233;SEDE DE CHUSCALITO;1;Bajo;68;0.1851;OFICIAL;RURAL;11;57;0;0;0;Quibdó;;;Quibdó;Chocó;SI;
127001018175;SEDE MONSERRATE;2;Moderado;67;0.1824;OFICIAL;URBANA;8;59;0;0;0;Quibdó;5;;Quibdó;Chocó;SI;
427001000016;SEDE KILOMETRO 8;1;Bajo;64;0.1742;OFICIAL;RURAL;21;43;0;0;0;Quibdó;3;;Quibdó;Chocó;SI;
227787000937;SEDE REYES ARMANDO PEREA;2;Moderado;62;0.0544;OFICIAL;RURAL;7;55;0;0;0;Unión Panamericana;4;;Choco;Chocó;SI;
227099000125;SEDE PIEDRA CANELA;1;Bajo;58;0.0509;OFICIAL;RURAL;6;52;0;0;0;Bojayá;4;;Choco;Chocó;SI;
427361001340;IE MARIA AUXILIADORA DE ISLA MONO - SEDE PRINCIPAL;2;Moderado;54;0.0474;OFICIAL;RURAL;10;19;19;6;0;El Litoral del San Juan;7;1;Choco;Chocó;SI;
227361001898;SEDE LA VICTORIA;2;Moderado;54;0.0474;OFICIAL;RURAL;5;23;26;0;0;El Cantón del San Pablo;4;;Choco;Chocó;SI;
227491000729;SEDE ANTONIO NARIÑO DE CURUNDO;3;Crítico;50;0.0439;OFICIAL;RURAL;4;27;12;7;0;Nóvita;4;;Choco;Chocó;SI;
227025000166;SEDE ANTONIO NARIÑO;2;Moderado;47;0.0413;OFICIAL;RURAL;0;47;0;0;0;Alto Baudó;4;;Choco;Chocó;SI;
227077001519;SEDE SANTA ELENA;1;Bajo;46;0.0404;OFICIAL;RURAL;6;40;0;0;0;Bajo Baudó;2;;Choco;Chocó;SI;
227361000905;SEDE SAN PABLO ADENTRO;1;Bajo;46;0.0404;OFICIAL;RURAL;8;38;0;0;0;Unión Panamericana;4;;Choco;Chocó;SI;
127001003941;SEDE IPPCH;2;Moderado;45;0.1225;OFICIAL;URBANA;0;45;0;0;0;Quibdó;1;;Quibdó;Chocó;SI;Claro Colombia | Natura Cosmeticos Ltda.
227413000020;SEDE LA PLAYA;2;Moderado;45;0.0395;OFICIAL;RURAL;7;21;0;0;17;Lloró;2;;Choco;Chocó;SI;
227050000014;SEDE VILLA LENINA;1;Bajo;45;0.0395;OFICIAL;RURAL;1;32;0;0;12;Atrato;3;;Choco;Chocó;SI;
227001003032;SEDE ANTONIA SANTO DE WINANDO.;2;Moderado;44;0.1198;OFICIAL;RURAL;14;30;0;0;0;Quibdó;2;;Quibdó;Chocó;SI;
227491000443;SEDE URABARA;2;Moderado;43;0.0378;OFICIAL;RURAL;5;21;0;0;17;Nóvita;1;;Choco;Chocó;SI;
227615000544;CE TAMBORAL - SEDE PRINCIPAL;2;Moderado;43;0.0378;OFICIAL;RURAL;9;10;24;0;0;Riosucio;2;1;Choco;Chocó;SI;
227615000013;SEDE LA PUNTA;1;Bajo;43;0.0378;OFICIAL;RURAL;2;41;0;0;0;Riosucio;3;;Choco;Chocó;SI;
227001001072;SEDE LAS MERCEDES;2;Moderado;42;0.1143;OFICIAL;RURAL;19;23;0;0;0;Quibdó;4;1;Quibdó;Chocó;SI;
227077001225;SEDE DE BELLAVISTA;1;Bajo;42;0.0369;OFICIAL;RURAL;6;36;0;0;0;Bajo Baudó;3;;Choco;Chocó;SI;
127001000021;SEDE BUENOS AIRES;3;Crítico;41;0.1116;OFICIAL;URBANA;2;39;0;0;0;Quibdó;4;;Quibdó;Chocó;SI;
227001000459;SEDE SAN FRANCISCO DE ICHO;2;Moderado;40;0.1089;OFICIAL;RURAL;10;30;0;0;0;Quibdó;3;;Quibdó;Chocó;SI;
227077001993;SEDE MEDARDO MARTINEZ;3;Crítico;38;0.0334;OFICIAL;RURAL;5;20;13;0;0;Medio Baudó;4;;Choco;Chocó;SI;
227787000376;SEDE LA UNION;2;Moderado;36;0.0316;OFICIAL;RURAL;3;33;0;0;0;Tadó;2;;Choco;Chocó;SI;
227001001838;SEDE LA PEÑA BEBARA;2;Moderado;36;0.0316;OFICIAL;RURAL;3;33;0;0;0;Medio Atrato;2;;Choco;Chocó;SI;
227491000591;SEDE CARMEN DE SURAMA;3;Crítico;35;0.0307;OFICIAL;RURAL;5;30;0;0;0;Nóvita;2;;Choco;Chocó;SI;
227025000328;SEDE PUERTO PLATANARES;2;Moderado;35;0.0307;OFICIAL;RURAL;2;33;0;0;0;Medio Baudó;3;;Choco;Chocó;SI;
227787000252;SEDE SALERO;2;Moderado;35;0.0307;OFICIAL;RURAL;3;32;0;0;0;Unión Panamericana;2;;Choco;Chocó;SI;
227050000049;SEDE LA VARIANTE DE MOTOLDO;2;Moderado;35;0.0307;OFICIAL;RURAL;0;13;8;3;11;Atrato;3;;Choco;Chocó;SI;
227001000599;SEDE VILLA DE BEBARA;2;Moderado;35;0.0307;OFICIAL;RURAL;4;31;0;0;0;Medio Atrato;3;;Choco;Chocó;SI;
227745000201;SEDE JUSTINIANO ARBOLEDA DE BARRANCON;2;Moderado;34;0.0299;OFICIAL;RURAL;6;28;0;0;0;Sipí;3;;Choco;Chocó;SI;
227001001986;SEDE PUENTE DE TANANDO;1;Bajo;33;0.029;OFICIAL;RURAL;1;32;0;0;0;Atrato;3;;Choco;Chocó;SI;
227150800034;SEDE JIGUA;1;Bajo;33;0.029;OFICIAL;RURAL;9;24;0;0;0;Carmen del Darién;;;Choco;Chocó;SI;
127001002449;SEDE AVENIDA BAHIA SOLANO;2;Moderado;32;0.0871;OFICIAL;RURAL;5;27;0;0;0;Quibdó;1;;Quibdó;Chocó;SI;
227615800117;SEDE TIERRA ADENTRO;1;Bajo;32;0.0281;OFICIAL;RURAL;6;26;0;0;0;Nuevo Belén de Bajirá;1;;Choco;Chocó;SI;
227001800021;CENTRO DE ATENCIÓN ESPECIALIZADA CAE JUAN ANDRES PALACIOS ASPRILLA;1;Bajo;31;0.0844;OFICIAL;RURAL;0;6;21;4;0;Quibdó;4;;Quibdó;Chocó;SI;Claro Colombia
227001004187;SEDE DE SAN JOAQUIN;1;Bajo;30;0.0817;OFICIAL;RURAL;1;29;0;0;0;Quibdó;1;;Quibdó;Chocó;SI;
227077000482;SEDE POLICARPA SALAVARRIETA DE DOTENEDO;1;Bajo;30;0.0263;OFICIAL;RURAL;2;28;0;0;0;Bajo Baudó;1;;Choco;Chocó;SI;
227077001730;SEDE MARIA AUXILIADORA;2;Moderado;29;0.0255;OFICIAL;RURAL;0;29;0;0;0;Medio Baudó;1;;Choco;Chocó;SI;
227099000371;SEDE PLAYA DE CUIA;1;Bajo;29;0.0255;OFICIAL;RURAL;0;29;0;0;0;Bojayá;2;;Choco;Chocó;SI;
227025001227;SEDE DE BELLA CECILIA;1;Bajo;29;0.0255;OFICIAL;RURAL;11;18;0;0;0;Alto Baudó;1;;Choco;Chocó;SI;
227787000091;SEDE SIMON BOLIVAR TAPON;1;Bajo;28;0.0246;OFICIAL;RURAL;3;25;0;0;0;Tadó;2;;Choco;Chocó;SI;
227361000760;SEDE CHIQUICHOQUI;2;Moderado;26;0.0228;OFICIAL;RURAL;6;20;0;0;0;Medio San Juan;3;;Choco;Chocó;SI;
327001800167;GUARDERÍA Y JARDÍN INFANTIL CREANDO HUELLAS - SEDE PRINCIPAL;1;Bajo;25;0.0681;NO OFICIAL;URBANA;25;0;0;0;0;Quibdó;;;Quibdó;Chocó;SI;
227001000017;SEDE MOTOLDO;1;Bajo;25;0.022;OFICIAL;RURAL;5;20;0;0;0;Atrato;1;;Choco;Chocó;SI;
227615000358;SEDE LOS COQUITOS;1;Bajo;25;0.022;OFICIAL;RURAL;0;25;0;0;0;Riosucio;1;;Choco;Chocó;SI;
227001018072;SEDE DE CHIGORODO;1;Bajo;25;0.0681;OFICIAL;RURAL;16;9;0;0;0;Quibdó;;;Quibdó;Chocó;SI;
327001800175;CENTRO EDUCATIVO PASITO A PASITO LOVE - SEDE PRINCIPAL;1;Bajo;21;0.0572;NO OFICIAL;URBANA;10;11;0;0;0;Quibdó;;;Quibdó;Chocó;SI;
227025000638;SEDE DE SANTA RITA;1;Bajo;21;0.0184;OFICIAL;RURAL;0;21;0;0;0;Alto Baudó;3;;Choco;Chocó;SI;
227025000263;SEDE DE CHIGORODÓ;1;Bajo;21;0.0184;OFICIAL;RURAL;0;21;0;0;0;Alto Baudó;2;;Choco;Chocó;SI;
227077001705;SEDE SANTA PAULINA;1;Bajo;21;0.0184;OFICIAL;RURAL;1;20;0;0;0;Bajo Baudó;1;;Choco;Chocó;SI;
227615007051;SEDE PUERTO LLERAS;1;Bajo;20;0.0176;OFICIAL;RURAL;2;18;0;0;0;Carmen del Darién;1;;Choco;Chocó;SI;
205197000504;C. E. R. EL CHOCO;2;Moderado;20;0.0046;OFICIAL;RURAL;5;15;0;0;0;Cocorná;1;;Antioquia;Antioquia;;
227615001494;SEDE EL COCO ARENAL;3;Crítico;19;0.0167;OFICIAL;RURAL;0;19;0;0;0;Riosucio;1;;Choco;Chocó;SI;
227077000393;SEDE NUESTRA SEÑORA DE LAS PEÑAS;3;Crítico;19;0.0167;OFICIAL;RURAL;0;19;0;0;0;Bajo Baudó;1;;Choco;Chocó;SI;
227615800125;SEDE BUENOS AIRES;3;Crítico;19;0.0167;OFICIAL;RURAL;1;18;0;0;0;Nuevo Belén de Bajirá;1;;Choco;Chocó;SI;
227077002116;SEDE MARIA ALEJANDRA;2;Moderado;19;0.0167;OFICIAL;RURAL;1;18;0;0;0;Bajo Baudó;1;;Choco;Chocó;SI;
227245000469;SEDE EL QUINCE;1;Bajo;19;0.0167;OFICIAL;RURAL;1;18;0;0;0;El Carmen de Atrato;2;;Choco;Chocó;SI;
227077000181;SEDE LA CANDELARIA;1;Bajo;19;0.0167;OFICIAL;RURAL;5;14;0;0;0;Medio Baudó;1;;Choco;Chocó;SI;
227077001144;SEDE SABIO SALOMON;3;Crítico;18;0.0158;OFICIAL;RURAL;1;17;0;0;0;Bajo Baudó;1;;Choco;Chocó;SI;
227361002410;SEDE GUINIGUINI;2;Moderado;18;0.0158;OFICIAL;RURAL;3;15;0;0;0;Istmina;2;;Choco;Chocó;SI;
227099000117;SEDE CORAZON DE JESUS;1;Bajo;18;0.0158;OFICIAL;RURAL;0;18;0;0;0;Bojayá;1;;Choco;Chocó;SI;
227615000579;SEDE NUEVA LUZ;1;Bajo;18;0.0158;OFICIAL;RURAL;2;16;0;0;0;Riosucio;2;;Choco;Chocó;SI;
227361000808;SEDE BOCA DE RASPADURA;2;Moderado;18;0.0158;OFICIAL;RURAL;6;12;0;0;0;El Cantón del San Pablo;1;;Choco;Chocó;SI;
227491000851;SEDE COCOTEA;3;Crítico;17;0.0149;OFICIAL;RURAL;2;15;0;0;0;Nóvita;1;;Choco;Chocó;SI;
227025000808;SEDE DE PUERTO CORDOBA;2;Moderado;17;0.0149;OFICIAL;RURAL;0;17;0;0;0;Alto Baudó;2;;Choco;Chocó;SI;
227077001608;SEDE FRANCISCO DE PAULA SANTANDER;2;Moderado;17;0.0149;OFICIAL;RURAL;2;15;0;0;0;Medio Baudó;;;Choco;Chocó;SI;
227001002486;SEDE LOS ESTANCOS;2;Moderado;17;0.0463;OFICIAL;RURAL;5;12;0;0;0;Quibdó;2;;Quibdó;Chocó;SI;
227077001641;SEDE SAGRADO CORAZON DE JESUS;2;Moderado;16;0.014;OFICIAL;RURAL;1;15;0;0;0;Medio Baudó;1;;Choco;Chocó;SI;
227077000920;SEDE SANTA TERESITA DE POMEÑO;1;Bajo;16;0.014;OFICIAL;RURAL;1;15;0;0;0;Bajo Baudó;1;;Choco;Chocó;SI;
227025000824;SEDE DE PUERTO MARTINEZ;1;Bajo;16;0.014;OFICIAL;RURAL;0;16;0;0;0;Alto Baudó;2;;Choco;Chocó;SI;
227745000155;SEDE DIEGO LUIS CORDOBA DE CHARCO HONDO;1;Bajo;16;0.014;OFICIAL;RURAL;4;12;0;0;0;Sipí;1;;Choco;Chocó;SI;
227077001535;SEDE CAMILO CAICEDO;2;Moderado;15;0.0132;OFICIAL;RURAL;1;14;0;0;0;Medio Baudó;1;;Choco;Chocó;SI;
227491000753;SEDE FIADO;2;Moderado;15;0.0132;OFICIAL;RURAL;0;15;0;0;0;Nóvita;1;;Choco;Chocó;SI;
227001001111;SEDE LA PALOMA;2;Moderado;15;0.0408;OFICIAL;RURAL;0;15;0;0;0;Quibdó;1;;Quibdó;Chocó;SI;
227001001731;SEDE ABRAHAM PINO MORENO;1;Bajo;15;0.0132;OFICIAL;RURAL;0;10;5;0;0;Atrato;5;;Choco;Chocó;SI;
227001002907;SEDE AGUA CLARA;2;Moderado;15;0.0132;OFICIAL;RURAL;5;10;0;0;0;Medio Atrato;1;;Choco;Chocó;SI;
227077001373;SEDE FRANCISCO JOSE DE CALDAS;3;Crítico;14;0.0123;OFICIAL;RURAL;2;12;0;0;0;Bajo Baudó;1;;Choco;Chocó;SI;
227491000486;SEDE CHITO;3;Crítico;14;0.0123;OFICIAL;RURAL;3;11;0;0;0;Nóvita;1;;Choco;Chocó;SI;
227150000127;SEDE EL OVO;2;Moderado;14;0.0123;OFICIAL;RURAL;0;14;0;0;0;Carmen del Darién;;;Choco;Chocó;SI;
227615001532;SEDE TEGUERRE MEDIO;2;Moderado;14;0.0123;OFICIAL;RURAL;2;12;0;0;0;Riosucio;;;Choco;Chocó;SI;
227001001706;SEDE DE GUADALUPE;2;Moderado;14;0.0381;OFICIAL;RURAL;8;6;0;0;0;Quibdó;2;;Quibdó;Chocó;SI;
227001000408;SEDE DE LA COMUNIDAD;1;Bajo;14;0.0381;OFICIAL;RURAL;0;14;0;0;0;Quibdó;1;;Quibdó;Chocó;SI;
227077000075;SEDE JESUS DE PUERTO GRANADO;3;Crítico;13;0.0114;OFICIAL;RURAL;2;11;0;0;0;Bajo Baudó;1;;Choco;Chocó;SI;
227250060038;SEDE NUESTRA SEÑORA DEL ROSARIO;3;Crítico;13;0.0114;OFICIAL;RURAL;4;9;0;0;0;El Litoral del San Juan;1;;Choco;Chocó;SI;
227150800043;SEDE MANANTIAL;2;Moderado;13;0.0114;OFICIAL;RURAL;2;11;0;0;0;Carmen del Darién;;;Choco;Chocó;SI;
227077002001;SEDE SANTA CECILIA SIERPE;2;Moderado;13;0.0114;OFICIAL;RURAL;1;12;0;0;0;Medio Baudó;1;;Choco;Chocó;SI;
227615061071;SEDE VILLA NUEVA SALAQUI;2;Moderado;13;0.0114;OFICIAL;RURAL;2;11;0;0;0;Riosucio;1;;Choco;Chocó;SI;
227001001293;CENTRO EDUCATIVO MUNGUIDO - SEDE PRINCIPAL;1;Bajo;13;0.0354;OFICIAL;RURAL;3;10;0;0;0;Quibdó;2;1;Quibdó;Chocó;SI;
227001004179;SEDE PUERTO MURILLO;1;Bajo;13;0.0354;OFICIAL;RURAL;1;12;0;0;0;Quibdó;1;;Quibdó;Chocó;SI;
227001001714;SEDE DE GUARANDO;2;Moderado;12;0.0327;OFICIAL;RURAL;0;12;0;0;0;Quibdó;1;;Quibdó;Chocó;SI;
227077001853;SEDE FRANCISCO MIRANDA;1;Bajo;12;0.0105;OFICIAL;RURAL;3;9;0;0;0;Bajo Baudó;1;;Choco;Chocó;SI;
227001001854;SEDE DIEGO LUIS CORDOBA;1;Bajo;12;0.0327;OFICIAL;RURAL;3;9;0;0;0;Quibdó;1;;Quibdó;Chocó;SI;
227001003521;SEDE BOCA DE PURDU;1;Bajo;12;0.0327;OFICIAL;RURAL;2;10;0;0;0;Quibdó;1;;Quibdó;Chocó;SI;
227077001624;SEDE RAMON LOZANO;3;Crítico;11;0.0097;OFICIAL;RURAL;2;9;0;0;0;Medio Baudó;1;;Choco;Chocó;SI;
427361001323;SEDE DOIDO;2;Moderado;11;0.0097;OFICIAL;RURAL;2;9;0;0;0;Istmina;1;;Choco;Chocó;SI;
227361001642;SEDE SARDINA;2;Moderado;11;0.0097;OFICIAL;RURAL;0;11;0;0;0;Medio San Juan;1;;Choco;Chocó;SI;
227205001021;SEDE EL TIGRE;2;Moderado;11;0.0097;OFICIAL;RURAL;2;9;0;0;0;Medio San Juan;1;;Choco;Chocó;SI;
227001003105;SEDE ROBERTO PARRA GARCIA;1;Bajo;11;0.0299;OFICIAL;RURAL;0;11;0;0;0;Quibdó;1;;Quibdó;Chocó;SI;
227001000963;SEDE DE PACURITA;1;Bajo;11;0.0299;OFICIAL;RURAL;0;11;0;0;0;Quibdó;1;;Quibdó;Chocó;SI;
227077001471;SEDE ANTONIA SANTO;3;Crítico;10;0.0088;OFICIAL;RURAL;1;9;0;0;0;Medio Baudó;1;;Choco;Chocó;SI;
227077001527;SEDE NUESTRA SEÑORA DEL CARMEN;3;Crítico;10;0.0088;OFICIAL;RURAL;0;10;0;0;0;Medio Baudó;1;;Choco;Chocó;SI;
227491000877;SEDE SIN OLVIDO;3;Crítico;10;0.0088;OFICIAL;RURAL;0;10;0;0;0;Nóvita;1;;Choco;Chocó;SI;
227025001014;SEDE BELLAVISTA DE DUBAZA;2;Moderado;10;0.0088;OFICIAL;RURAL;0;10;0;0;0;Alto Baudó;1;;Choco;Chocó;SI;
227001000718;SEDE DE GUAYABAL;2;Moderado;10;0.0272;OFICIAL;RURAL;0;10;0;0;0;Quibdó;1;;Quibdó;Chocó;SI;
227615800168;SEDE EUGENIA;2;Moderado;10;0.0088;OFICIAL;RURAL;0;10;0;0;0;Nuevo Belén de Bajirá;1;;Choco;Chocó;SI;
217444000316;ESCUELA RURAL EL CHOCO;1;Bajo;10;0.0124;;RURAL;3;7;0;0;0;Marquetalia;1;;Caldas;Caldas;;Federación Nacional de Cafeteros de Colombia
227077000016;SEDE SAN FRANCISCO;3;Crítico;9;0.0079;OFICIAL;RURAL;0;9;0;0;0;Bajo Baudó;1;;Choco;Chocó;SI;
227491000869;SEDE PIEDRA GRANDE;3;Crítico;9;0.0079;OFICIAL;RURAL;0;9;0;0;0;Nóvita;1;;Choco;Chocó;SI;
227491000672;SEDE SAN JUAN DE IRABUBU;3;Crítico;9;0.0079;OFICIAL;RURAL;0;9;0;0;0;Nóvita;;;Choco;Chocó;SI;
227001000246;SEDE DE CURIQUIDO;2;Moderado;9;0.0245;OFICIAL;RURAL;1;8;0;0;0;Quibdó;1;;Quibdó;Chocó;SI;
227491000745;SEDE REMOLINO;2;Moderado;9;0.0079;OFICIAL;RURAL;0;9;0;0;0;Nóvita;1;;Choco;Chocó;SI;
227001018188;SEDE EL MANSO;1;Bajo;9;0.0245;OFICIAL;RURAL;0;9;0;0;0;Quibdó;1;;Quibdó;Chocó;SI;
227615061080;SEDE CHIPI CAÑO DE ORO;1;Bajo;9;0.0079;OFICIAL;RURAL;0;9;0;0;0;Riosucio;1;;Choco;Chocó;SI;
227615061128;SEDE CARACOLI BAJO;1;Bajo;9;0.0079;OFICIAL;RURAL;0;9;0;0;0;Riosucio;3;;Choco;Chocó;SI;
227787000112;SEDE CHACUANTE;1;Bajo;9;0.0079;OFICIAL;RURAL;1;8;0;0;0;Tadó;1;;Choco;Chocó;SI;
227615800214;SEDE EUGENIA MEDIA;3;Crítico;8;0.007;OFICIAL;RURAL;1;7;0;0;0;Nuevo Belén de Bajirá;1;;Choco;Chocó;SI;
227077002043;SEDE LAS MERCEDES;3;Crítico;8;0.007;OFICIAL;RURAL;0;8;0;0;0;Medio Baudó;;;Choco;Chocó;SI;
227077001551;SEDE SANTA ISABEL;2;Moderado;8;0.007;OFICIAL;RURAL;0;8;0;0;0;Medio Baudó;1;;Choco;Chocó;SI;
227077001985;SEDE SIMON BOLIVAR DE BAUDOCITO;2;Moderado;8;0.007;OFICIAL;RURAL;0;8;0;0;0;Medio Baudó;2;;Choco;Chocó;SI;
227491000699;SEDE MALTA;2;Moderado;8;0.007;OFICIAL;RURAL;2;6;0;0;0;Nóvita;1;;Choco;Chocó;SI;
227787000147;SEDE YERRECUY;2;Moderado;8;0.007;OFICIAL;RURAL;1;7;0;0;0;Tadó;2;;Choco;Chocó;SI;
227025000620;SEDE DE PUERTO PALACIOS;1;Bajo;8;0.007;OFICIAL;RURAL;0;8;0;0;0;Alto Baudó;;;Choco;Chocó;SI;
227615060738;SEDE PEÑITA;1;Bajo;8;0.007;OFICIAL;RURAL;1;7;0;0;0;Riosucio;2;;Choco;Chocó;SI;
227001003903;SEDE DE PUERTO ALUMA;1;Bajo;8;0.0218;OFICIAL;RURAL;1;7;0;0;0;Quibdó;1;;Quibdó;Chocó;SI;
227245000388;SEDE CLARA;1;Bajo;8;0.007;OFICIAL;RURAL;1;7;0;0;0;El Carmen de Atrato;1;;Choco;Chocó;SI;
227001003059;SEDE ZABULON CORDOBA VALENCIA;1;Bajo;8;0.0218;OFICIAL;RURAL;1;7;0;0;0;Quibdó;1;;Quibdó;Chocó;SI;
205649000442;C.E.R. EL CHOCO;1;Bajo;8;0.0018;OFICIAL;RURAL;0;8;0;0;0;San Carlos;1;;Antioquia;Antioquia;;
227025001073;SEDE PUERTO ARACELIS;2;Moderado;7;0.0061;OFICIAL;RURAL;0;7;0;0;0;Alto Baudó;1;;Choco;Chocó;SI;
227250002470;SEDE LA MILAGROSA;2;Moderado;7;0.0061;OFICIAL;RURAL;0;7;0;0;0;El Litoral del San Juan;1;;Choco;Chocó;SI;
227491000451;SEDE SAN JERONIMO;2;Moderado;7;0.0061;OFICIAL;RURAL;2;5;0;0;0;Medio San Juan;2;;Choco;Chocó;SI;
227001017882;SEDE DE LA DIVISA;1;Bajo;7;0.0191;OFICIAL;RURAL;0;7;0;0;0;Quibdó;1;;Quibdó;Chocó;SI;
227001800056;SEDE LA TROJE;1;Bajo;7;0.0191;OFICIAL;RURAL;0;7;0;0;0;Quibdó;1;;Quibdó;Chocó;SI;
227077001501;SEDE SAN ANTONIO;1;Bajo;7;0.0061;OFICIAL;RURAL;0;7;0;0;0;Bajo Baudó;1;;Choco;Chocó;SI;
127077001565;SEDE SAN MIGUEL DEL FIRME;3;Crítico;6;0.0053;OFICIAL;RURAL;0;6;0;0;0;Bajo Baudó;1;;Choco;Chocó;SI;
227077001951;SEDE EL RETOÑO;2;Moderado;6;0.0053;OFICIAL;RURAL;0;6;0;0;0;Medio Baudó;1;;Choco;Chocó;SI;
227491000885;SEDE IPARRA;2;Moderado;6;0.0053;OFICIAL;RURAL;2;4;0;0;0;Nóvita;;;Choco;Chocó;SI;
227413000143;SEDE LAS HAMACAS;2;Moderado;6;0.0053;OFICIAL;RURAL;1;5;0;0;0;Lloró;1;;Choco;Chocó;SI;
227615001249;SEDE BALSITA;1;Bajo;6;0.0053;OFICIAL;RURAL;0;6;0;0;0;Riosucio;1;;Choco;Chocó;SI;
227025001456;SEDE DE PUERTO VALENCIA;1;Bajo;6;0.0053;OFICIAL;RURAL;0;6;0;0;0;Alto Baudó;1;;Choco;Chocó;SI;
227001000343;SEDE EL TAMBO;1;Bajo;6;0.0163;OFICIAL;RURAL;0;6;0;0;0;Quibdó;1;;Quibdó;Chocó;SI;
227001003369;SEDE SAN PEDRO CLAVER;1;Bajo;6;0.0163;OFICIAL;RURAL;0;6;0;0;0;Quibdó;1;;Quibdó;Chocó;SI;
227491000931;SEDE SALSA ADENTRO;3;Crítico;5;0.0044;OFICIAL;RURAL;0;5;0;0;0;Nóvita;1;;Choco;Chocó;SI;
227787000295;SEDE PROFUNDO;3;Crítico;5;0.0044;OFICIAL;RURAL;2;3;0;0;0;Tadó;1;;Choco;Chocó;SI;
227615001168;SEDE NUEVA BARSOVIA;2;Moderado;5;0.0044;OFICIAL;RURAL;0;5;0;0;0;Riosucio;1;;Choco;Chocó;SI;
227001000726;SEDE EL JAGUO;1;Bajo;5;0.0136;OFICIAL;RURAL;0;5;0;0;0;Quibdó;1;;Quibdó;Chocó;SI;
227077001691;SEDE CESAR CONTO;1;Bajo;5;0.0044;OFICIAL;RURAL;0;5;0;0;0;Bajo Baudó;1;;Choco;Chocó;SI;
227001001846;SEDE DE GITRADO;1;Bajo;5;0.0136;OFICIAL;RURAL;2;3;0;0;0;Quibdó;1;;Quibdó;Chocó;SI;
227001000483;SEDE REAL DE TANANDO;2;Moderado;4;0.0035;OFICIAL;RURAL;0;4;0;0;0;Atrato;1;;Choco;Chocó;SI;
227077000113;SEDE SIMON BOLIVAR;2;Moderado;4;0.0035;OFICIAL;RURAL;0;4;0;0;0;Bajo Baudó;1;;Choco;Chocó;SI;
227787000279;SEDE LA ESPERANZA;1;Bajo;4;0.0035;OFICIAL;RURAL;1;3;0;0;0;Tadó;1;;Choco;Chocó;SI;
227077001969;SEDE SAN LUIS LA LOMA;2;Moderado;3;0.0026;OFICIAL;RURAL;0;3;0;0;0;Medio Baudó;1;;Choco;Chocó;SI;
227491000826;SEDE EL CHORRO;2;Moderado;3;0.0026;OFICIAL;RURAL;0;3;0;0;0;Nóvita;1;;Choco;Chocó;SI;
227001000327;SEDE SAN MARTIN DE PURRE;1;Bajo;3;0.0026;OFICIAL;RURAL;0;3;0;0;0;Atrato;3;;Choco;Chocó;SI;
227787000261;SEDE MARIA AUXIL MANUNGARA;1;Bajo;3;0.0026;OFICIAL;RURAL;0;3;0;0;0;Tadó;1;;Choco;Chocó;SI;
227615001923;SEDE EL BENDITO;1;Bajo;2;0.0018;OFICIAL;RURAL;0;2;0;0;0;Riosucio;;;Choco;Chocó;SI;
227245000396;SEDE EL LAMENTO;2;Moderado;1;0.0009;OFICIAL;RURAL;0;1;0;0;0;El Carmen de Atrato;;;Choco;Chocó;SI;
227001000319;SEDE ALTAGRACIA;1;Bajo;1;0.0027;OFICIAL;RURAL;0;1;0;0;0;Quibdó;;;Quibdó;Chocó;SI;